icao24,callsign,origin_country,time_position,last_contact,longitude,latitude,baro_altitude,on_ground,velocity,true_track,vertical_rate,geo_altitude,squawk,spi,position_source,pulled_at
151da3,,Russian Federation,1783319092,1783319098,28.791,41.3414,723.9,False,118.01,32.72,15.28,792.48,,False,0,1783319101
151da3,AFL2139 ,Russian Federation,1783319399,1783319399,28.886,41.6936,4274.82,False,179.17,40.46,0.0,4434.84,5157,False,0,1783319400
151da3,AFL2139 ,Russian Federation,1783319660,1783319700,29.445,41.9157,7010.4,False,218.73,56.12,10.08,6880.86,5157,False,0,1783319704
151da3,AFL2139 ,Russian Federation,1783319796,1783319989,29.7531,42.0571,8915.4,False,238.75,95.44,6.83,8016.24,5157,False,0,1783320002
151da9,AFL2129 ,Russian Federation,1783316083,1783318494,38.0555,40.0866,11277.6,False,261.43,55.34,0.0,11163.3,0737,False,0,1783318496
151da9,AFL2129 ,Russian Federation,1783316083,1783318798,38.0555,40.0866,11285.22,False,261.43,55.34,0.0,11163.3,0737,False,0,1783318799
151da9,AFL2129 ,Russian Federation,1783316083,1783319098,38.0555,40.0866,11285.22,False,261.43,55.34,0.0,11163.3,0737,False,0,1783319101
151da9,AFL2129 ,Russian Federation,1783316083,1783319389,38.0555,40.0866,11277.6,False,261.43,55.34,0.0,11163.3,0737,False,0,1783319400
152069,SVR773  ,Russian Federation,1783318616,1783318729,33.691,44.3617,11582.4,False,4.74,257.47,0.0,10622.28,5513,False,0,1783318799
152069,SVR773  ,Russian Federation,1783318616,1783318929,33.691,44.3617,11582.4,False,4.74,257.47,0.0,10622.28,5513,False,0,1783319101
152073,SVR1574 ,Russian Federation,1783318799,1783318799,38.9149,40.3061,10668.0,False,264.1,56.28,0.0,11148.06,1041,False,0,1783318799
152073,SVR1574 ,Russian Federation,1783319100,1783319101,39.696,40.7,10668.0,False,263.11,56.81,0.0,11140.44,1041,False,0,1783319101
152073,SVR1574 ,Russian Federation,1783319399,1783319399,40.4775,41.0842,10668.0,False,262.86,57.31,0.0,11132.82,1041,False,0,1783319400
152073,SVR1574 ,Russian Federation,1783319703,1783319703,41.2779,41.4678,10668.0,False,260.06,57.85,0.0,11125.2,1041,False,0,1783319704
3c4581,BOX544  ,Germany,1783318431,1783318494,27.828,44.076,11277.6,False,259.74,122.46,0.33,11551.92,7667,False,0,1783318496
3c4581,BOX544  ,Germany,1783318431,1783318797,27.828,44.076,11277.6,False,259.74,122.46,0.33,11551.92,7667,False,0,1783318799
3c4581,BOX544  ,Germany,1783318431,1783319098,27.828,44.076,11277.6,False,259.74,122.46,0.33,11551.92,7667,False,0,1783319101
3c4581,BOX544  ,Germany,1783318431,1783319398,27.828,44.076,11277.6,False,259.74,122.46,0.33,11551.92,7667,False,0,1783319400
3c4581,BOX544  ,Germany,1783318431,1783319690,27.828,44.076,11277.6,False,259.74,122.46,0.33,11551.92,7667,False,0,1783319704
3c4581,BOX544  ,Germany,1783318431,1783319852,27.828,44.076,11277.6,False,259.74,122.46,0.33,11551.92,7667,False,0,1783320002
3c5642,BOX565  ,Germany,1783318495,1783318495,39.9779,41.4343,9753.6,False,228.64,267.42,0.0,10172.7,3205,False,0,1783318496
3c5642,BOX565  ,Germany,1783318798,1783318798,39.1504,41.4041,9753.6,False,228.77,266.78,0.0,10172.7,3205,False,0,1783318799
3c5642,BOX565  ,Germany,1783319100,1783319100,38.328,41.3671,9753.6,False,227.84,266.38,0.0,10157.46,3205,False,0,1783319101
3c5642,BOX565  ,Germany,1783319398,1783319399,37.5182,41.325,9753.6,False,228.56,267.94,0.0,10149.84,3205,False,0,1783319400
3c5642,BOX565  ,Germany,1783319702,1783319703,36.7113,41.4755,9753.6,False,229.66,285.59,0.0,10134.6,3205,False,0,1783319704
3c5642,BOX565  ,Germany,1783319850,1783319884,36.322,41.5559,9753.6,False,227.76,285.32,0.0,10119.36,3205,False,0,1783320002
4242f4,AHY021  ,United Kingdom,1783319400,1783319400,40.5674,40.0141,11582.4,False,203.55,266.67,-0.33,12176.76,1315,False,0,1783319400
4246b4,AHY107  ,United Kingdom,1783316467,1783318492,33.6902,44.3636,10363.2,False,4.12,270.0,0.0,9410.7,3272,False,0,1783318496
4246b4,AHY107  ,United Kingdom,1783316467,1783318797,33.6902,44.3636,10386.06,False,4.12,270.0,0.0,9410.7,3272,False,0,1783318799
4246b4,AHY107  ,United Kingdom,1783316467,1783319098,33.6902,44.3636,10363.2,False,4.12,270.0,0.0,9410.7,3272,False,0,1783319101
4246b4,AHY107  ,United Kingdom,1783316467,1783319398,33.6902,44.3636,10370.82,False,4.12,270.0,0.0,9410.7,3272,False,0,1783319400
4246b4,AHY107  ,United Kingdom,1783316467,1783319698,33.6902,44.3636,10370.82,False,4.12,270.0,0.0,9410.7,3272,False,0,1783319704
4246b7,AHY071  ,United Kingdom,1783320001,1783320001,41.2763,41.472,10370.82,False,215.64,268.36,0.0,10843.26,2357,False,0,1783320002
46b833,AEE990  ,Greece,1783318495,1783318496,28.6105,40.9631,1203.96,False,105.58,67.06,0.0,1295.4,2062,False,0,1783318496
46b833,AEE990  ,Greece,1783318799,1783318799,28.7292,41.1841,541.02,False,82.34,358.57,-3.9,640.08,2062,False,0,1783318799
46b833,AEE990  ,Greece,1783318847,1783318848,28.7286,41.2187,335.28,False,77.69,359.24,-3.9,403.86,2062,False,0,1783319101
4892c7,ENT4096 ,Poland,1783318475,1783318495,27.3005,43.7046,11582.4,False,219.3,318.04,0.33,11894.82,1000,False,0,1783318496
4892c7,ENT4096 ,Poland,1783318475,1783318797,27.3005,43.7046,11582.4,False,219.3,318.04,0.33,11894.82,1000,False,0,1783318799
4892c7,ENT4096 ,Poland,1783318475,1783319100,27.3005,43.7046,11582.4,False,219.3,318.04,0.33,11894.82,1000,False,0,1783319101
4892c7,ENT4096 ,Poland,1783318475,1783319397,27.3005,43.7046,11582.4,False,219.3,318.04,0.33,11894.82,1000,False,0,1783319400
4892c7,ENT4096 ,Poland,1783318475,1783319702,27.3005,43.7046,11582.4,False,219.3,318.04,0.33,11894.82,1000,False,0,1783319704
4892c7,ENT4096 ,Poland,1783318475,1783319999,27.3005,43.7046,11582.4,False,219.3,318.04,0.33,11894.82,1000,False,0,1783320002
48af0b,LOT6603 ,Poland,1783318494,1783318495,27.2744,41.1164,11277.6,False,244.32,145.21,-0.33,11681.46,5556,False,0,1783318496
48af0b,LOT6603 ,Poland,1783318798,1783318798,27.7288,40.551,11277.6,False,242.92,150.01,0.0,11711.94,5556,False,0,1783318799
4a5243,TOY211  ,Romania,1783318278,1783318495,28.7367,43.769,10774.68,False,215.56,179.45,8.45,8702.04,5574,False,0,1783318496
4a5243,TOY211  ,Romania,1783318278,1783318796,28.7367,43.769,12954.0,False,215.56,179.45,8.45,8702.04,5574,False,0,1783318799
4a5243,TOY211  ,Romania,1783318278,1783319099,28.7367,43.769,13716.0,False,215.56,179.45,8.45,8702.04,5574,False,0,1783319101
4a5243,TOY211  ,Romania,1783318278,1783319398,28.7367,43.769,13723.62,False,215.56,179.45,8.45,8702.04,5574,False,0,1783319400
4a5243,TOY211  ,Romania,1783318278,1783319703,28.7367,43.769,13716.0,False,215.56,179.45,8.45,8702.04,5574,False,0,1783319704
4a5243,TOY211  ,Romania,1783320001,1783320002,29.512,40.2837,13723.62,False,231.95,172.48,-0.33,14249.4,5574,False,0,1783320002
4aca12,NSZ3780 ,Sweden,1783318495,1783318495,27.6295,42.7872,1607.82,False,124.68,119.95,-2.28,1714.5,7623,False,0,1783318496
4aca12,NSZ3780 ,Sweden,1783318548,1783318552,27.6877,42.7486,1356.36,False,115.69,134.28,-6.18,1455.42,7623,False,0,1783318799
4b8504,TCAHD   ,Turkey,1783318768,1783318768,28.5067,41.1044,419.1,False,37.73,154.13,-2.93,487.68,,False,0,1783318799
4b8504,TCAHD   ,Turkey,1783319049,1783319049,28.5496,41.1356,304.8,False,55.85,238.95,-0.98,365.76,,False,0,1783319101
4b8507,TCAHG   ,Turkey,1783318228,1783318228,28.4857,41.0705,327.66,False,45.1,55.22,-3.25,381.0,,False,0,1783318496
4b8de8,CAI14JW ,Turkey,1783318495,1783318495,29.9273,40.6815,10363.2,False,224.98,338.54,0.0,10759.44,6306,False,0,1783318496
4b8de8,CAI14JW ,Turkey,1783318795,1783318795,29.6351,41.2447,10363.2,False,224.5,338.49,-0.33,10728.96,6306,False,0,1783318799
4b8de8,CAI14JW ,Turkey,1783318795,1783319100,29.6351,41.2447,10363.2,False,224.5,338.49,-0.33,10728.96,6306,False,0,1783319101
4b8de8,CAI14JW ,Turkey,1783318795,1783319399,29.6351,41.2447,10363.2,False,224.5,338.49,-0.33,10728.96,6306,False,0,1783319400
4b8de8,CAI14JW ,Turkey,1783318795,1783319702,29.6351,41.2447,10363.2,False,224.5,338.49,-0.33,10728.96,6306,False,0,1783319704
4b8de8,CAI14JW ,Turkey,1783318795,1783320001,29.6351,41.2447,10363.2,False,224.5,338.49,-0.33,10728.96,6306,False,0,1783320002
4b8e46,PGT70TK ,Turkey,1783319703,1783319703,30.8843,40.3008,5791.2,False,182.03,278.45,0.33,6019.8,,False,0,1783319704
4b8e46,PGT70TK ,Turkey,1783320001,1783320002,30.2482,40.3563,5791.2,False,183.75,274.66,0.0,6027.42,,False,0,1783320002
4b990e,FHY1281 ,Turkey,1783318495,1783318495,28.9086,41.266,11590.02,False,223.93,329.49,0.0,12016.74,3204,False,0,1783318496
4b990e,FHY1281 ,Turkey,1783318798,1783318798,28.4969,41.7881,11582.4,False,219.16,329.22,-0.33,11986.26,3204,False,0,1783318799
4b990e,FHY1281 ,Turkey,1783319100,1783319100,28.043,42.2753,11590.02,False,218.65,322.46,0.0,11948.16,3204,False,0,1783319101
4b990e,FHY1281 ,Turkey,1783319317,1783319399,27.6942,42.6128,11582.4,False,217.03,322.13,0.0,11986.26,3204,False,0,1783319400
4b990e,FHY1281 ,Turkey,1783319527,1783319699,27.3549,42.9348,11590.02,False,219.42,321.76,-0.33,11986.26,3204,False,0,1783319704
4b990e,FHY1281 ,Turkey,1783319527,1783320001,27.3549,42.9348,11574.78,False,219.42,321.76,-0.33,11986.26,3204,False,0,1783320002
4b9e4b,STW167  ,Turkey,1783318495,1783318495,30.1326,40.2792,10972.8,False,231.77,338.79,0.33,11414.76,6327,False,0,1783318496
4b9e4b,STW167  ,Turkey,1783318798,1783318799,29.8305,40.8685,10972.8,False,232.62,338.6,0.0,11391.9,6327,False,0,1783318799
4b9e4b,STW167  ,Turkey,1783319101,1783319101,29.523,41.4583,10972.8,False,230.32,337.96,0.0,11376.66,6327,False,0,1783319101
4b9e4b,STW167  ,Turkey,1783319108,1783319399,29.5152,41.4712,10972.8,False,231.37,338.34,0.0,11369.04,6327,False,0,1783319400
4b9e4b,STW167  ,Turkey,1783319108,1783319702,29.5152,41.4712,10972.8,False,231.37,338.34,0.0,11369.04,1747,False,0,1783319704
4b9e4b,STW167  ,Turkey,1783319108,1783320001,29.5152,41.4712,10972.8,False,231.37,338.34,0.0,11369.04,1747,False,0,1783320002
4ba8f2,TKJ7FK  ,Turkey,1783318476,1783318493,29.1251,43.3423,10972.8,False,220.73,320.49,0.0,11269.98,1000,False,0,1783318496
4ba8f2,TKJ7FK  ,Turkey,1783318476,1783318797,29.1251,43.3423,10972.8,False,220.73,320.49,0.0,11269.98,1000,False,0,1783318799
4ba8f2,TKJ7FK  ,Turkey,1783318476,1783319098,29.1251,43.3423,10972.8,False,220.73,320.49,0.0,11269.98,1000,False,0,1783319101
4ba8f2,TKJ7FK  ,Turkey,1783318476,1783319398,29.1251,43.3423,10972.8,False,220.73,320.49,0.0,11269.98,1000,False,0,1783319400
4ba8f2,TKJ7FK  ,Turkey,1783318476,1783319703,29.1251,43.3423,10972.8,False,220.73,320.49,0.0,11269.98,1000,False,0,1783319704
4ba8f2,TKJ7FK  ,Turkey,1783318476,1783319997,29.1251,43.3423,10972.8,False,220.73,320.49,0.0,11269.98,1000,False,0,1783320002
4ba905,TKJ51D  ,Turkey,1783318495,1783318495,27.3574,41.9991,10972.8,False,214.69,301.98,0.0,11323.32,3217,False,0,1783318496
4ba912,THY4AW  ,Turkey,1783318491,1783318491,31.7971,40.5198,10911.84,False,205.68,296.76,-4.88,11353.8,,False,0,1783318496
4ba912,THY4AW  ,Turkey,1783318798,1783318798,31.1089,40.7596,9395.46,False,206.79,287.67,-5.2,9753.6,,False,0,1783318799
4ba912,THY4AW  ,Turkey,1783319099,1783319100,30.4238,40.9078,7703.82,False,198.62,308.06,-5.2,8001.0,,False,0,1783319101
4ba912,THY4AW  ,Turkey,1783319399,1783319399,29.7847,40.887,4381.5,False,176.88,259.44,-10.73,4579.62,,False,0,1783319400
4ba912,THY4AW  ,Turkey,1783319702,1783319702,29.2249,40.8975,2468.88,False,152.15,274.07,-8.13,2590.8,,False,0,1783319704
4ba912,THY4AW  ,Turkey,1783320001,1783320001,28.7535,40.9201,952.5,False,109.77,337.4,-3.25,1051.56,,False,0,1783320002
4ba976,TKJ9ND  ,Turkey,1783318376,1783318376,36.2066,40.6356,10363.2,False,203.94,254.49,0.0,10797.54,0755,False,0,1783318496
4ba996,THY2TS  ,Turkey,1783318492,1783318492,32.43,40.1538,11277.6,False,259.69,106.1,0.33,11734.8,,False,0,1783318496
4ba996,THY2TS  ,Turkey,1783318556,1783318557,32.6161,40.1126,11285.22,False,258.7,106.16,0.33,11742.42,,False,0,1783318799
4ba9a9,THY1FE  ,Turkey,1783319400,1783319400,27.2256,40.0686,8237.22,False,225.33,17.81,-10.08,8595.36,1044,False,0,1783319400
4ba9a9,THY1FE  ,Turkey,1783319704,1783319704,27.3034,40.6157,5501.64,False,188.54,2.97,-9.75,5753.1,1044,False,0,1783319704
4ba9a9,THY1FE  ,Turkey,1783320001,1783320002,27.5378,40.9299,3459.48,False,157.54,112.46,-7.48,3619.5,1044,False,0,1783320002
4ba9ac,THY7MV  ,Turkey,1783319399,1783319400,29.872,40.4254,6911.34,False,203.23,0.87,-10.08,7178.04,5156,False,0,1783319400
4ba9ac,THY7MV  ,Turkey,1783319704,1783319704,29.7678,40.8676,4198.62,False,168.29,268.42,-10.4,4366.26,5156,False,0,1783319704
4ba9ac,THY7MV  ,Turkey,1783320002,1783320002,29.2063,40.8984,2628.9,False,142.01,274.99,-2.93,2743.2,5156,False,0,1783320002
4ba9b0,THY3AR  ,Turkey,1783319100,1783319100,28.9482,41.2493,3345.18,False,165.19,181.43,5.2,3467.1,,False,0,1783319101
4ba9b0,THY3AR  ,Turkey,1783319389,1783319397,29.2349,40.8287,6073.14,False,223.98,104.77,6.83,6271.26,,False,0,1783319400
4ba9b0,THY3AR  ,Turkey,1783319703,1783319703,30.105,40.6872,8122.92,False,254.89,105.69,6.18,8435.34,,False,0,1783319704
4ba9b0,THY3AR  ,Turkey,1783320001,1783320001,30.9895,40.4935,9631.68,False,265.84,106.3,4.88,9997.44,,False,0,1783320002
4ba9f6,,Turkey,1783318491,1783318495,28.7218,41.3638,670.56,False,116.65,329.82,4.55,754.38,,False,0,1783318496
4ba9f6,THY6318 ,Turkey,1783318798,1783318798,28.699,41.1349,3436.62,False,176.45,135.83,5.2,3573.78,,False,0,1783318799
4ba9f6,THY6318 ,Turkey,1783319101,1783319101,29.2857,40.8187,5753.1,False,219.11,104.69,7.48,5981.7,,False,0,1783319101
4ba9f6,THY6318 ,Turkey,1783319399,1783319400,30.0754,40.6475,7498.08,False,245.29,106.57,3.25,7802.88,,False,0,1783319400
4ba9f6,THY6318 ,Turkey,1783319704,1783319704,30.9533,40.4444,8641.08,False,266.54,107.18,4.55,8983.98,,False,0,1783319704
4ba9f6,THY6318 ,Turkey,1783320001,1783320002,31.877,40.273,9646.92,False,274.87,102.32,4.55,10050.78,,False,0,1783320002
4baa08,THY1ET  ,Turkey,1783318493,1783318494,32.2547,40.2098,11277.6,False,251.84,107.84,0.33,11727.18,0721,False,0,1783318496
4baa08,THY1ET  ,Turkey,1783318631,1783318631,32.6435,40.1123,11269.98,False,250.05,108.1,0.0,11727.18,0721,False,0,1783318799
4baa09,THY2VU  ,Turkey,1783318495,1783318495,31.6658,41.1628,10325.1,False,209.64,274.93,-4.55,10706.1,,False,0,1783318496
4baa09,THY2VU  ,Turkey,1783318794,1783318798,30.9379,41.2132,8366.76,False,200.44,273.24,-16.91,8686.8,,False,0,1783318799
4baa09,THY2VU  ,Turkey,1783319099,1783319100,30.199,41.2221,5387.34,False,195.51,270.75,-7.15,5608.32,,False,0,1783319101
4baa09,THY2VU  ,Turkey,1783319399,1783319399,29.5779,41.1576,3383.28,False,160.81,226.04,-6.18,3543.3,,False,0,1783319400
4baa09,THY2VU  ,Turkey,1783319703,1783319703,29.0728,40.9834,1950.72,False,152.35,255.73,-2.6,2072.64,,False,0,1783319704
4baa09,THY2VU  ,Turkey,1783319994,1783319998,28.7321,41.0439,1379.22,False,102.9,359.14,-4.88,1485.9,,False,0,1783320002
4baa0c,THY3ZP  ,Turkey,1783318482,1783318488,31.981,40.5056,9563.1,False,204.47,304.13,-7.48,9959.34,,False,0,1783318496
4baa0c,THY3ZP  ,Turkey,1783318798,1783318798,31.2839,40.7169,8534.4,False,205.81,287.76,0.0,8877.3,,False,0,1783318799
4baa0c,THY3ZP  ,Turkey,1783319100,1783319100,30.5813,40.8737,7795.26,False,190.28,277.14,-8.13,8130.54,,False,0,1783319101
4baa0c,THY3ZP  ,Turkey,1783319399,1783319399,30.0469,41.0144,5173.98,False,168.96,219.07,-6.5,5402.58,,False,0,1783319400
4baa0c,THY3ZP  ,Turkey,1783319703,1783319703,29.5543,40.8745,3261.36,False,154.44,275.16,-4.55,3413.76,,False,0,1783319704
4baa0c,THY3ZP  ,Turkey,1783320001,1783320001,29.0294,40.9101,2240.28,False,142.57,275.18,-2.28,2377.44,,False,0,1783320002
4baa0e,THY3XJ  ,Turkey,1783320001,1783320001,41.3516,41.6356,2506.98,False,128.59,237.58,16.58,2606.04,6761,False,0,1783320002
4baa10,THY76W  ,Turkey,1783318480,1783318486,32.2832,41.7196,11582.4,False,206.42,262.7,0.0,12016.74,,False,0,1783318496
4baa10,THY76W  ,Turkey,1783318480,1783318752,32.2832,41.7196,11582.4,False,206.42,262.7,0.0,12016.74,,False,0,1783318799
4baa10,THY76W  ,Turkey,1783318480,1783319091,32.2832,41.7196,11582.4,False,206.42,262.7,0.0,12016.74,,False,0,1783319101
4baa10,THY76W  ,Turkey,1783319399,1783319399,30.0508,41.6139,5783.58,False,192.0,272.0,-10.73,6027.42,,False,0,1783319400
4baa10,THY76W  ,Turkey,1783319703,1783319703,29.4782,41.5317,3825.24,False,158.36,220.52,-5.2,4000.5,,False,0,1783319704
4baa10,THY76W  ,Turkey,1783320001,1783320002,29.3018,41.183,3032.76,False,143.69,177.33,0.0,3177.54,,False,0,1783320002
4baa12,THY8FV  ,Turkey,1783318487,1783318487,28.896,40.8878,1684.02,False,134.38,255.59,-1.63,1790.7,,False,0,1783318496
4baa12,THY8FV  ,Turkey,1783318790,1783318796,28.7315,41.0709,1203.96,False,98.26,359.4,-4.55,1303.02,,False,0,1783318799
4baa12,THY8FV  ,Turkey,1783318965,1783318981,28.7289,41.2053,411.48,False,68.43,359.14,-3.25,472.44,,False,0,1783319101
4baa14,THY6CY  ,Turkey,1783318495,1783318495,31.3185,40.6908,8420.1,False,204.89,286.93,-3.58,8778.24,,False,0,1783318496
4baa14,THY6CY  ,Turkey,1783318797,1783318798,30.6332,40.8016,6835.14,False,191.24,276.95,-7.15,7132.32,,False,0,1783318799
4baa14,THY6CY  ,Turkey,1783319100,1783319100,29.9739,40.8607,5059.68,False,182.19,276.32,-6.83,5280.66,,False,0,1783319101
4baa14,THY6CY  ,Turkey,1783319399,1783319399,29.3875,40.8844,2811.78,False,147.32,275.61,-5.2,2956.56,,False,0,1783319400
4baa14,THY6CY  ,Turkey,1783319686,1783319686,28.9324,40.9066,967.74,False,123.52,264.5,-2.6,1097.28,,False,0,1783319704
4baa14,THY6CY  ,Turkey,1783319998,1783319999,28.7111,41.0778,899.16,False,94.16,359.06,0.33,990.6,,False,0,1783320002
4baa42,THY1EM  ,Turkey,1783320001,1783320001,27.9583,40.2497,9753.6,False,251.84,24.63,0.0,10119.36,6357,False,0,1783320002
4baa44,THY9QW  ,Turkey,1783318494,1783318495,29.8153,40.8763,4472.94,False,173.67,291.55,-10.08,4648.2,1050,False,0,1783318496
4baa44,THY9QW  ,Turkey,1783318797,1783318798,29.2469,40.8956,2407.92,False,151.88,275.25,-4.23,2522.22,1050,False,0,1783318799
4baa44,THY9QW  ,Turkey,1783319096,1783319097,28.7794,40.9249,1417.32,False,111.94,274.22,-4.55,1516.38,1050,False,0,1783319101
4baa44,THY9QW  ,Turkey,1783319392,1783319397,28.7296,41.1681,632.46,False,80.26,359.27,-2.28,708.66,1050,False,0,1783319400
4baa44,THY9QW  ,Turkey,1783319459,1783319459,28.7287,41.2151,350.52,False,73.08,358.39,-3.58,449.58,1050,False,0,1783319704
4baa47,THY2AL  ,Turkey,1783318798,1783318798,30.2258,40.0958,9753.6,False,226.71,338.85,0.33,10134.6,4024,True,0,1783318799
4baa47,THY2AL  ,Turkey,1783319100,1783319100,29.9364,40.6644,9738.36,False,225.93,338.63,0.0,10096.5,4024,True,0,1783319101
4baa47,THY2AL  ,Turkey,1783319399,1783319399,29.6427,41.2311,9753.6,False,225.46,338.59,0.0,10088.88,6330,False,0,1783319400
4baa47,THY2AL  ,Turkey,1783319700,1783319702,29.3434,41.7969,9745.98,False,224.22,337.61,0.0,10073.64,6330,False,0,1783319704
4baa47,THY2AL  ,Turkey,1783319705,1783320001,29.3384,41.8058,9753.6,False,225.37,337.59,0.0,10073.64,1140,False,0,1783320002
4baa55,THY1HM  ,Turkey,1783319100,1783319100,28.8161,41.4606,2171.7,False,139.08,354.27,15.61,2255.52,,False,0,1783319101
4baa55,THY1HM  ,Turkey,1783319399,1783319399,29.1699,41.7592,5173.98,False,206.36,68.81,11.05,5364.48,0765,False,0,1783319400
4baa55,THY1HM  ,Turkey,1783319680,1783319699,29.8651,41.958,7338.06,False,234.76,69.34,5.2,7543.8,0765,False,0,1783319704
4baa55,THY1HM  ,Turkey,1783319752,1783319994,30.0606,42.0063,7780.02,False,240.89,77.42,5.2,7901.94,0765,False,0,1783320002
4baa56,,Turkey,1783318789,1783318796,28.769,41.3203,579.12,False,98.1,38.61,4.88,647.7,,False,0,1783318799
4baa56,THY1GH  ,Turkey,1783319098,1783319100,28.7256,41.675,3497.58,False,181.58,316.49,4.88,3634.74,,False,0,1783319101
4baa56,THY1GH  ,Turkey,1783319383,1783319399,28.3045,42.0976,5707.38,False,222.42,347.44,6.83,5791.2,1356,False,0,1783319400
4baa56,THY1GH  ,Turkey,1783319623,1783319703,27.8608,42.445,7368.54,False,236.71,300.86,5.53,7261.86,1356,False,0,1783319704
4baa56,THY1GH  ,Turkey,1783320001,1783320001,27.1135,43.0178,8854.44,False,231.51,323.77,4.55,9151.62,1356,False,0,1783320002
4baa64,THY72X  ,Turkey,1783318494,1783318494,32.0425,40.2391,10668.0,False,260.04,105.96,0.0,11102.34,,False,0,1783318496
4baa64,THY72X  ,Turkey,1783318679,1783318679,32.5859,40.1199,10668.0,False,261.96,106.19,0.33,11109.96,,False,0,1783318799
4baa79,THY87X  ,Turkey,1783319666,1783319702,28.3851,42.4231,8831.58,False,245.03,140.03,-10.4,9479.28,7636,False,0,1783319704
4baa79,THY87X  ,Turkey,1783320002,1783320002,28.9092,41.8767,5821.68,False,202.78,150.18,-9.43,6042.66,7636,False,0,1783320002
4baa89,THY2CE  ,Turkey,1783319392,1783319399,29.8695,40.3254,7924.8,False,194.97,359.85,0.0,8244.84,,False,0,1783319400
4baa89,THY2CE  ,Turkey,1783319703,1783319703,29.9067,40.8105,5593.08,False,168.88,340.79,-4.88,5814.06,,False,0,1783319704
4baa89,THY2CE  ,Turkey,1783320001,1783320001,29.3846,40.8882,3870.96,False,159.33,273.89,-9.1,4030.98,,False,0,1783320002
4baa8e,THY9NY  ,Turkey,1783318794,1783318794,35.7553,41.3952,10660.38,False,261.83,101.91,0.0,11064.24,,False,0,1783318799
4baa8e,THY9NY  ,Turkey,1783319100,1783319100,36.673,41.2566,7574.28,False,240.75,95.27,-8.45,7886.7,,False,0,1783319101
4baa8e,THY9NY  ,Turkey,1783319295,1783319295,37.198,41.2167,5928.36,False,217.76,95.97,-8.45,6210.3,,False,0,1783319400
4baa96,THY4TZ  ,Turkey,1783318798,1783318798,40.2769,40.0138,8199.12,False,211.49,271.25,9.75,8557.26,1010,False,0,1783318799
4baa96,THY4TZ  ,Turkey,1783319100,1783319100,39.5211,40.024,10180.32,False,211.97,270.7,4.55,10645.14,1010,False,0,1783319101
4baa96,THY4TZ  ,Turkey,1783319399,1783319399,38.7907,40.0291,10363.2,False,207.84,270.28,0.0,10843.26,1010,False,0,1783319400
4baa96,THY4TZ  ,Turkey,1783319701,1783319701,38.058,40.0296,10363.2,False,207.32,269.86,0.0,10843.26,1010,False,0,1783319704
4baa96,THY4TZ  ,Turkey,1783320001,1783320001,37.3302,40.0257,10363.2,False,206.31,269.29,0.0,10835.64,1010,False,0,1783320002
4baa99,THY2SK  ,Turkey,1783319398,1783319399,32.1742,40.4748,10972.8,False,209.7,292.35,0.0,11422.38,,False,0,1783319400
4baa99,THY2SK  ,Turkey,1783319703,1783319703,31.4667,40.6725,10248.9,False,212.47,287.91,-4.88,10675.62,,False,0,1783319704
4baa99,THY2SK  ,Turkey,1783320002,1783320002,30.751,40.8451,8557.26,False,211.85,287.38,-14.63,8923.02,,False,0,1783320002
4baad9,THY3XG  ,Turkey,1783318493,1783318495,28.7319,41.0473,1203.96,False,89.05,358.01,-0.65,1295.4,,False,0,1783318496
4baad9,THY3XG  ,Turkey,1783318721,1783318727,28.7287,41.2153,358.14,False,74.09,359.2,-3.58,426.72,,False,0,1783318799
4bab22,THY849  ,Turkey,1783318494,1783318495,29.8698,40.0486,8237.22,False,218.64,0.0,-5.2,8572.5,5722,False,0,1783318496
4bab22,THY849  ,Turkey,1783318798,1783318798,29.875,40.6219,6141.72,False,196.03,0.9,-10.73,6408.42,5722,False,0,1783318799
4bab22,THY849  ,Turkey,1783319100,1783319100,29.4506,40.8725,3489.96,False,152.28,270.0,-8.45,3634.74,5722,False,0,1783319101
4bab22,THY849  ,Turkey,1783319398,1783319399,28.9592,40.9319,1981.2,False,130.77,284.58,-3.58,2087.88,5722,False,0,1783319400
4bab22,THY849  ,Turkey,1783319703,1783319703,28.7303,41.1363,815.34,False,95.18,359.38,-5.2,899.16,5722,False,0,1783319704
4bab22,THY849  ,Turkey,1783319809,1783319817,28.7288,41.213,365.76,False,72.54,359.59,-3.9,434.34,5722,False,0,1783320002
4bab25,THY8GS  ,Turkey,1783316997,1783318219,39.3264,41.2275,11582.4,False,213.34,285.81,13.98,6377.94,5070,False,0,1783318496
4bab27,THY5WX  ,Turkey,1783319100,1783319100,27.2933,40.3567,7307.58,False,194.02,21.46,-2.93,7612.38,1030,False,0,1783319101
4bab27,THY5WX  ,Turkey,1783319399,1783319399,27.8243,40.6664,4084.32,False,173.68,53.67,-9.1,4267.2,1030,False,0,1783319400
4bab27,THY5WX  ,Turkey,1783319703,1783319703,28.2675,40.9106,1927.86,False,136.65,54.04,-6.83,2034.54,1030,False,0,1783319704
4bab27,THY5WX  ,Turkey,1783320001,1783320001,28.6454,40.9061,1508.76,False,113.07,71.15,0.0,1600.2,1030,False,0,1783320002
4bab29,THY1VN  ,Turkey,1783318495,1783318496,38.2749,41.28,10363.2,False,211.09,274.61,0.0,10797.54,0761,False,0,1783318496
4bab29,THY1VN  ,Turkey,1783318799,1783318799,37.534,41.3544,11582.4,False,203.06,277.86,0.0,12062.46,0761,False,0,1783318799
4bab29,THY1VN  ,Turkey,1783319099,1783319099,36.8202,41.4266,11582.4,False,201.25,277.34,0.0,12054.84,0761,False,0,1783319101
4bab29,THY1VN  ,Turkey,1783319400,1783319400,36.1051,41.4944,11582.4,False,199.02,276.98,0.0,12031.98,0761,False,0,1783319400
4bab29,THY1VN  ,Turkey,1783319679,1783319679,35.4446,41.5532,11582.4,False,199.86,276.5,0.0,12024.36,0761,False,0,1783319704
4bab29,THY1VN  ,Turkey,1783319751,1783319751,35.2729,41.5679,11582.4,False,200.94,276.62,0.0,12024.36,0761,False,0,1783320002
4bab2e,THY9LR  ,Turkey,1783318495,1783318495,29.8695,40.2142,7612.38,False,213.5,0.28,-2.93,7924.8,5722,False,0,1783318496
4bab2e,THY9LR  ,Turkey,1783318798,1783318798,29.7494,40.7322,4914.9,False,182.45,329.31,-7.8,5113.02,5722,False,0,1783318799
4bab2e,THY9LR  ,Turkey,1783319100,1783319100,29.2799,40.8933,2689.86,False,145.27,275.69,-4.88,2811.78,5722,False,0,1783319101
4bab2e,THY9LR  ,Turkey,1783319390,1783319398,28.8474,40.9671,1188.72,False,119.25,288.36,-3.9,1303.02,5722,False,0,1783319400
4bab2e,THY9LR  ,Turkey,1783319698,1783319703,28.709,41.186,541.02,False,78.71,359.63,-3.9,617.22,5722,False,0,1783319704
4bab2e,THY9LR  ,Turkey,1783319760,1783319760,28.7081,41.2289,297.18,False,78.21,358.87,-3.9,426.72,5722,False,0,1783320002
4bb028,TKJ1KE  ,Turkey,1783319100,1783319100,29.5847,41.1128,3329.94,False,159.42,344.08,5.85,3459.48,,False,0,1783319101
4bb028,TKJ1KE  ,Turkey,1783319400,1783319400,29.1491,41.4427,6819.9,False,194.25,305.08,10.4,7071.36,5305,False,0,1783319400
4bb028,TKJ1KE  ,Turkey,1783319703,1783319703,28.5318,41.7662,9425.94,False,218.9,304.66,5.2,9753.6,5305,False,0,1783319704
4bb028,TKJ1KE  ,Turkey,1783319846,1783320001,28.2223,41.926,11315.7,False,217.61,304.4,6.18,10812.78,1000,False,0,1783320002
4bb02b,TKJ71C  ,Turkey,1783318495,1783318495,29.5597,41.1526,4267.2,False,166.15,321.28,13.98,4427.22,,False,0,1783318496
4bb02b,TKJ71C  ,Turkey,1783318797,1783318798,29.0693,41.4925,7962.9,False,199.91,312.39,10.73,8260.08,3207,False,0,1783318799
4bb02b,TKJ71C  ,Turkey,1783319100,1783319100,28.499,41.8792,10294.62,False,220.41,311.88,4.23,10645.14,3207,False,0,1783319101
4bb02b,TKJ71C  ,Turkey,1783319399,1783319399,28.0658,42.3527,11894.82,False,211.58,301.68,4.55,12260.58,1000,False,0,1783319400
4bb02b,TKJ71C  ,Turkey,1783319475,1783319703,27.8994,42.4276,12192.0,False,211.13,300.94,-0.65,12573.0,1000,False,0,1783319704
4bb02b,TKJ71C  ,Turkey,1783319475,1783319998,27.8994,42.4276,12192.0,False,211.13,300.94,-0.65,12573.0,1000,False,0,1783320002
4bb04d,THY4SV  ,Turkey,1783319396,1783319399,32.7108,40.892,11582.4,False,209.36,296.57,-0.33,12062.46,,False,0,1783319400
4bb04d,THY4SV  ,Turkey,1783319515,1783319676,32.4418,40.9939,11407.14,False,212.81,296.57,-4.23,11894.82,,False,0,1783319704
4bb04d,THY4SV  ,Turkey,1783319515,1783319972,32.4418,40.9939,11407.14,False,212.81,296.57,-4.23,11894.82,,False,0,1783320002
4bb055,THY9AX  ,Turkey,1783319398,1783319399,40.2039,40.1747,11292.84,False,235.46,350.95,0.0,11856.72,5134,False,0,1783319400
4bb055,THY9AX  ,Turkey,1783319703,1783319703,39.6647,40.4689,11277.6,False,226.67,342.84,0.0,11826.24,5134,False,0,1783319704
4bb055,THY9AX  ,Turkey,1783320001,1783320001,40.3189,40.7076,10927.08,False,262.74,100.61,-4.55,11475.72,5134,False,0,1783320002
4bb056,THY5DG  ,Turkey,1783318251,1783318273,32.0986,40.3299,10050.78,False,263.78,104.69,0.0,10485.12,,False,0,1783318496
4bb061,THY22B  ,Turkey,1783318493,1783318495,29.8738,40.6342,5036.82,False,183.04,349.64,-8.13,5257.8,0542,False,0,1783318496
4bb061,THY22B  ,Turkey,1783318798,1783318798,29.4385,40.8816,3124.2,False,140.62,275.67,-6.5,3261.36,0542,False,0,1783318799
4bb061,THY22B  ,Turkey,1783319099,1783319099,28.9632,40.9277,1478.28,False,129.64,281.44,-4.23,1584.96,0542,False,0,1783319101
4bb061,THY22B  ,Turkey,1783319398,1783319398,28.7106,41.1022,906.78,False,95.18,359.07,0.65,982.98,0542,False,0,1783319400
4bb061,THY22B  ,Turkey,1783319550,1783319552,28.7083,41.2172,365.76,False,73.57,359.2,-3.58,434.34,0542,False,0,1783319704
4bb067,THY2YM  ,Turkey,1783318490,1783318495,28.71,41.1319,845.82,False,90.56,359.02,-4.23,929.64,4131,False,0,1783318496
4bb067,THY2YM  ,Turkey,1783318608,1783318610,28.7083,41.2185,358.14,False,74.1,358.81,-3.58,434.34,4131,False,0,1783318799
4bb150,THY6144 ,Turkey,1783318496,1783318496,38.1763,40.9598,9753.6,False,225.56,262.79,0.0,10172.7,0674,False,0,1783318496
4bb150,THY6144 ,Turkey,1783318798,1783318798,37.3748,40.8807,9753.6,False,225.32,262.26,0.0,10165.08,0674,False,0,1783318799
4bb150,THY6144 ,Turkey,1783319101,1783319101,36.5822,40.7967,9753.6,False,223.5,261.8,0.0,10165.08,0674,False,0,1783319101
4bb150,THY6144 ,Turkey,1783319317,1783319318,36.0155,40.7332,9753.6,False,223.22,261.38,0.0,10157.46,0674,False,0,1783319400
4bb162,THY32W  ,Turkey,1783318495,1783318495,35.5366,41.6438,10972.8,False,215.85,273.01,0.0,11391.9,4574,False,0,1783318496
4bb162,THY32W  ,Turkey,1783318648,1783318648,35.1413,41.6584,10972.8,False,216.31,272.73,0.0,11391.9,4574,False,0,1783318799
4bb162,THY32W  ,Turkey,1783319697,1783319703,32.3989,41.7238,10972.8,False,216.11,271.09,0.0,11361.42,,False,0,1783319704
4bb162,THY32W  ,Turkey,1783320001,1783320001,31.6343,41.6038,9928.86,False,213.24,256.47,-4.55,10386.06,,False,0,1783320002
4bb182,THY184  ,Turkey,1783318495,1783318495,28.3929,40.9029,1508.76,False,125.2,149.64,0.0,1607.82,5214,False,0,1783318496
4bb182,THY184  ,Turkey,1783318794,1783318797,28.7143,40.9113,1508.76,False,105.98,0.0,0.0,1607.82,5214,False,0,1783318799
4bb182,THY184  ,Turkey,1783319100,1783319100,28.7091,41.1798,579.12,False,83.86,359.3,-4.55,655.32,5214,False,0,1783319101
4bb182,THY184  ,Turkey,1783319148,1783319159,28.7084,41.2143,381.0,False,76.66,359.23,-3.9,449.58,5214,False,0,1783319400
4bb1c7,THY3EQ  ,Turkey,1783318495,1783318495,27.302,40.3709,6156.96,False,209.43,1.27,-5.85,6423.66,4101,False,0,1783318496
4bb1c7,THY3EQ  ,Turkey,1783318794,1783318796,27.6069,40.7292,3970.02,False,173.41,67.31,-7.48,4145.28,4101,False,0,1783318799
4bb1c7,THY3EQ  ,Turkey,1783319100,1783319100,28.1101,40.8891,2293.62,False,130.99,67.36,-5.53,2423.16,4101,False,0,1783319101
4bb1c7,THY3EQ  ,Turkey,1783319399,1783319399,28.5142,40.9616,1143.0,False,111.73,119.52,-2.6,1234.44,4101,False,0,1783319400
4bb1c7,THY3EQ  ,Turkey,1783319701,1783319701,28.711,41.0915,899.16,False,92.61,359.36,-1.3,982.98,4101,False,0,1783319704
4bb1c7,THY3EQ  ,Turkey,1783319884,1783319884,28.7082,41.2268,304.8,False,71.01,358.75,-3.58,426.72,4101,False,0,1783320002
4bb204,THY5056 ,Turkey,1783319399,1783319399,28.9476,41.2984,2819.4,False,155.88,180.38,11.38,2918.46,,False,0,1783319400
4bb204,THY5056 ,Turkey,1783319704,1783319704,28.9117,40.8396,6096.0,False,177.0,175.5,8.45,6339.84,2371,False,0,1783319704
4bb204,THY5056 ,Turkey,1783320001,1783320001,29.1409,40.3097,7581.9,False,234.73,147.08,2.6,7894.32,2371,False,0,1783320002
4bb20b,THY263  ,Turkey,1783318496,1783318496,36.2075,41.2906,10965.18,False,199.39,275.18,0.0,11407.14,2045,False,0,1783318496
4bb20b,THY263  ,Turkey,1783318798,1783318799,35.4972,41.3365,10972.8,False,198.27,274.91,0.0,11407.14,2045,False,0,1783318799
4bb20b,THY263  ,Turkey,1783318870,1783318871,35.3255,41.347,10972.8,False,199.17,274.44,0.0,11407.14,2045,False,0,1783319101
4bb210,THY6976 ,Turkey,1783319399,1783319399,28.6114,41.3438,1927.86,False,149.71,216.48,7.8,2011.68,,False,0,1783319400
4bb210,THY6976 ,Turkey,1783319704,1783319704,28.5796,40.9504,2727.96,False,140.9,170.33,-0.33,2857.5,,False,0,1783319704
4bb210,THY6976 ,Turkey,1783320002,1783320002,28.7042,40.5869,2727.96,False,140.3,138.42,0.33,2857.5,,False,0,1783320002
4bb219,THY097  ,Turkey,1783319396,1783319399,29.8697,40.1087,7924.8,False,217.62,359.46,-0.33,8267.7,5241,False,0,1783319400
4bb219,THY097  ,Turkey,1783319703,1783319703,29.9683,40.6687,6294.12,False,177.63,357.68,-8.13,6568.44,5241,False,0,1783319704
4bb219,THY097  ,Turkey,1783320002,1783320002,29.5734,40.8731,3970.02,False,142.89,278.07,-7.48,4137.66,5241,False,0,1783320002
4bb26c,THY6974 ,Turkey,1783319399,1783319399,28.5519,41.2103,2727.96,False,155.91,196.88,0.0,2865.12,,False,0,1783319400
4bb26c,THY6974 ,Turkey,1783319701,1783319703,28.6157,40.8124,2727.96,False,141.94,171.66,0.0,2857.5,,False,0,1783319704
4bb26c,THY6974 ,Turkey,1783320000,1783320001,28.838,40.6039,2476.5,False,125.26,38.33,-7.8,2590.8,,False,0,1783320002
4bb26e,THY365  ,Turkey,1783318495,1783318496,29.0208,40.9184,1729.74,False,140.2,239.58,-3.58,1828.8,,False,0,1783318496
4bb26e,THY365  ,Turkey,1783318799,1783318799,28.7125,41.0044,1203.96,False,109.6,358.92,0.33,1295.4,,False,0,1783318799
4bb26e,THY365  ,Turkey,1783319066,1783319069,28.7083,41.2215,342.9,False,66.88,0.0,-2.6,426.72,,False,0,1783319101
4bb286,THY325  ,Turkey,1783319397,1783319399,30.5477,41.5968,7719.06,False,225.56,272.61,-5.2,8023.86,,False,0,1783319400
4bb286,THY325  ,Turkey,1783319703,1783319703,29.791,41.6186,5013.96,False,177.7,267.18,-3.9,5219.7,,False,0,1783319704
4bb286,THY325  ,Turkey,1783320001,1783320001,29.345,41.409,3040.38,False,150.23,216.09,-0.65,3169.92,,False,0,1783320002
4bb290,THY349  ,Turkey,1783318494,1783318494,29.8289,41.4513,4358.64,False,177.11,257.42,-7.48,4602.48,,False,0,1783318496
4bb290,THY349  ,Turkey,1783318798,1783318798,29.3423,41.1979,2781.3,False,154.48,196.44,-5.2,2903.22,,False,0,1783318799
4bb290,THY349  ,Turkey,1783319100,1783319101,29.0809,40.921,1463.04,False,124.11,272.61,-2.6,1562.1,,False,0,1783319101
4bb290,THY349  ,Turkey,1783319399,1783319399,28.712,41.0229,899.16,False,107.08,357.8,0.0,982.98,,False,0,1783319400
4bb290,THY349  ,Turkey,1783319645,1783319657,28.7083,41.2182,365.76,False,76.14,359.23,-3.9,426.72,,False,0,1783319704
4bb29a,TKJ9XD  ,Turkey,1783318495,1783318496,28.5188,41.7279,8092.44,False,220.59,309.89,6.5,8397.24,5333,False,0,1783318496
4bb29a,TKJ9XD  ,Turkey,1783318799,1783318799,27.8782,42.0977,9745.98,False,217.39,305.27,0.65,10088.88,5333,False,0,1783318799
4bb29a,TKJ9XD  ,Turkey,1783319100,1783319101,27.2354,42.4336,9745.98,False,213.51,304.99,0.33,10081.26,5333,False,0,1783319101
4bb2a2,TKJ192  ,Turkey,1783319100,1783319100,29.2823,40.3,3497.58,False,142.87,333.71,-6.5,3642.36,6021,False,0,1783319101
4bb2a2,TKJ192  ,Turkey,1783319396,1783319398,29.0643,40.6044,2026.92,False,125.66,346.99,-6.83,2133.6,6021,False,0,1783319400
4bb2a2,TKJ192  ,Turkey,1783319702,1783319703,29.1294,40.8208,899.16,False,80.29,63.76,0.0,975.36,6021,False,0,1783319704
4bb2a2,TKJ192  ,Turkey,1783319895,1783319895,29.277,40.8754,205.74,False,70.87,64.18,-3.58,281.94,6021,False,0,1783320002
4bb2a9,TKJ15J  ,Turkey,1783318494,1783318495,29.4019,40.9304,1028.7,False,114.03,83.0,11.7,1104.9,,False,0,1783318496
4bb2a9,TKJ15J  ,Turkey,1783318798,1783318798,29.1366,40.7413,4701.54,False,189.08,287.25,10.08,4846.32,,False,0,1783318799
4bb2a9,TKJ15J  ,Turkey,1783319100,1783319101,28.4208,40.7882,7482.84,False,212.71,267.23,5.85,7780.02,2334,False,0,1783319101
4bb2a9,TKJ15J  ,Turkey,1783319399,1783319399,27.6488,40.7974,9433.56,False,218.05,273.65,6.18,9791.7,2334,False,0,1783319400
4bb2ae,TKJ3NX  ,Turkey,1783319703,1783319703,32.1156,40.7347,10500.36,False,207.0,283.66,-5.2,10927.08,,False,0,1783319704
4bb2ae,TKJ3NX  ,Turkey,1783319998,1783320000,31.4299,40.9026,9029.7,False,202.06,287.79,-4.55,9380.22,,False,0,1783320002
4bb2b2,TKJ9SE  ,Turkey,1783318495,1783318496,29.2176,41.3727,5829.3,False,197.16,315.21,7.8,6050.28,,False,0,1783318496
4bb2b2,TKJ9SE  ,Turkey,1783318778,1783318799,28.6633,41.6689,7962.9,False,218.78,274.45,5.53,8153.4,5323,False,0,1783318799
4bb2b2,TKJ9SE  ,Turkey,1783319100,1783319101,27.9791,42.0601,9730.74,False,222.89,307.87,7.48,10066.02,1000,False,0,1783319101
4bb2b2,TKJ9SE  ,Turkey,1783319399,1783319400,27.3561,42.4176,10972.8,False,214.74,307.31,0.33,11308.08,1000,False,0,1783319400
4bb321,THY3235 ,Turkey,1783320001,1783320002,41.6586,41.1016,10972.8,False,201.56,251.7,0.0,11483.34,0606,False,0,1783320002
4bb4f4,MGH875  ,Turkey,1783318495,1783318495,28.211,42.1112,10363.2,False,222.04,322.63,0.33,10713.72,5350,False,0,1783318496
4bb4f4,MGH875  ,Turkey,1783318798,1783318799,27.7165,42.5887,10363.2,False,221.76,322.07,0.33,10698.48,5350,False,0,1783318799
4bb4f4,MGH875  ,Turkey,1783319100,1783319101,27.2188,43.0609,10363.2,False,217.25,321.83,0.0,10683.24,5350,False,0,1783319101
4bb562,CAI7E   ,Turkey,1783319399,1783319400,29.7995,40.119,11582.4,False,228.0,329.79,0.33,12062.46,2365,False,0,1783319400
4bb562,CAI7E   ,Turkey,1783319704,1783319704,29.3942,40.6501,11582.4,False,220.93,329.49,-0.33,12039.6,2365,False,0,1783319704
4bb562,CAI7E   ,Turkey,1783320001,1783320001,28.998,41.1587,11582.4,False,220.75,329.31,-0.33,12009.12,2365,False,0,1783320002
4bb563,CAI9442 ,Turkey,1783318474,1783318493,27.0326,44.4151,10363.2,False,217.47,325.41,0.33,10645.14,6337,False,0,1783318496
4bb563,CAI9442 ,Turkey,1783318474,1783318797,27.0326,44.4151,10363.2,False,217.47,325.41,0.33,10645.14,6337,False,0,1783318799
4bb563,CAI9442 ,Turkey,1783318474,1783319100,27.0326,44.4151,10363.2,False,217.47,325.41,0.33,10645.14,6337,False,0,1783319101
4bb563,CAI9442 ,Turkey,1783318474,1783319397,27.0326,44.4151,10363.2,False,217.47,325.41,0.33,10645.14,6337,False,0,1783319400
4bb565,CAI3GV  ,Turkey,1783318496,1783318496,29.0612,41.0728,10972.8,False,228.78,329.46,0.0,11384.28,3213,False,0,1783318496
4bb565,CAI3GV  ,Turkey,1783318638,1783318797,28.8655,41.3234,10972.8,False,226.48,329.42,0.0,11369.04,3213,False,0,1783318799
4bb565,CAI3GV  ,Turkey,1783318638,1783319100,28.8655,41.3234,10972.8,False,226.48,329.42,0.0,11369.04,3213,False,0,1783319101
4bb565,CAI3GV  ,Turkey,1783318638,1783319400,28.8655,41.3234,10972.8,False,226.48,329.42,0.0,11369.04,3213,False,0,1783319400
4bb565,CAI3GV  ,Turkey,1783318638,1783319704,28.8655,41.3234,10972.8,False,55.82,189.55,0.65,10012.68,3213,False,0,1783319704
4bb565,CAI3GV  ,Turkey,1783318638,1783320001,28.8655,41.3234,10972.8,False,55.94,335.56,0.0,10012.68,3213,False,0,1783320002
4bb844,PGT71PZ ,Turkey,1783318481,1783318491,31.6695,40.8441,10980.42,False,204.34,287.89,0.0,11399.52,,False,0,1783318496
4bb844,PGT71PZ ,Turkey,1783318798,1783318798,30.9324,41.0133,10165.08,False,209.18,285.4,-4.88,10553.7,,False,0,1783318799
4bb844,PGT71PZ ,Turkey,1783319100,1783319100,30.2155,41.2124,8602.98,False,212.65,291.72,-7.48,8938.26,,False,0,1783319101
4bb844,PGT71PZ ,Turkey,1783319399,1783319399,29.6136,41.0225,6179.82,False,199.41,226.46,-6.83,6454.14,,False,0,1783319400
4bb844,PGT71PZ ,Turkey,1783319702,1783319703,29.222,40.6113,3284.22,False,187.69,253.6,-5.85,3421.38,,False,0,1783319704
4bb844,PGT71PZ ,Turkey,1783320001,1783320001,28.9236,40.7139,1866.9,False,109.28,50.54,-5.85,1973.58,,False,0,1783320002
4bb852,PGT2323 ,Turkey,1783318495,1783318495,29.2538,40.3458,2750.82,False,146.38,337.04,-2.93,2872.74,,False,0,1783318496
4bb852,PGT2323 ,Turkey,1783318797,1783318798,29.0632,40.6847,1722.12,False,114.29,336.67,-6.18,1821.18,,False,0,1783318799
4bb852,PGT2323 ,Turkey,1783319098,1783319100,29.2123,40.8515,525.78,False,68.33,63.63,-2.6,594.36,,False,0,1783319101
4bb852,PGT2323 ,Turkey,1783319190,1783319198,29.2752,40.8747,213.36,False,66.73,64.42,-3.58,274.32,,False,0,1783319400
4bb854,PGT1575 ,Turkey,1783318495,1783318495,27.484,40.8741,11285.22,False,239.86,150.3,0.0,11696.7,4544,False,0,1783318496
4bb854,PGT1575 ,Turkey,1783318798,1783318798,27.9105,40.307,11277.6,False,239.48,149.97,-0.33,11727.18,4544,False,0,1783318799
4bb859,PGT29SB ,Turkey,1783320000,1783320001,29.3998,40.9297,1127.76,False,114.58,85.36,13.0,1203.96,,False,0,1783320002
4bb861,PGT92KE ,Turkey,1783318495,1783318495,28.6879,41.5313,11590.02,False,222.63,330.06,0.0,11978.64,3255,False,0,1783318496
4bb861,PGT92KE ,Turkey,1783318798,1783318798,28.2706,42.0356,11582.4,False,212.46,314.22,0.65,11955.78,3255,False,0,1783318799
4bb861,PGT92KE ,Turkey,1783319100,1783319100,27.709,42.4336,11574.78,False,212.87,313.53,0.0,11925.3,3255,False,0,1783319101
4bb861,PGT92KE ,Turkey,1783319399,1783319399,27.146,42.825,11574.78,False,212.92,313.14,0.0,11910.06,3255,False,0,1783319400
4bb86a,PGT907H ,Turkey,1783318495,1783318495,27.4735,42.1337,11574.78,False,209.8,306.22,0.33,11948.16,3234,False,0,1783318496
4bb879,PGT569J ,Turkey,1783319703,1783319704,28.0186,40.3624,6042.66,False,200.88,35.73,-10.4,6309.36,5147,False,0,1783319704
4bb879,PGT569J ,Turkey,1783320001,1783320001,28.4475,40.6758,3291.84,False,161.1,91.83,-5.2,3451.86,5147,False,0,1783320002
4bb88f,TKJ7BV  ,Turkey,1783318495,1783318495,29.6871,40.3914,5257.8,False,204.42,177.55,9.43,5471.16,,False,0,1783318496
4bbd03,TKJ9ZV  ,Turkey,1783318494,1783318495,27.0936,42.5655,12192.0,False,211.44,307.29,0.0,12565.38,2660,False,0,1783318496
4bbd08,TKJ584  ,Turkey,1783318415,1783318427,37.1711,40.0335,10363.2,False,206.28,260.09,0.0,10843.26,2044,False,0,1783318496
4bbd0f,TKJ3QR  ,Turkey,1783319702,1783319703,29.6079,41.0511,2933.7,False,145.81,342.97,15.28,3063.24,,False,0,1783319704
4bbd0f,TKJ3QR  ,Turkey,1783320001,1783320001,29.4368,41.5006,6096.0,False,190.03,339.06,11.05,6324.6,,False,0,1783320002
4bbd13,TKJ3WS  ,Turkey,1783319703,1783319703,29.5466,41.1269,3581.4,False,170.32,313.29,14.63,3726.18,,False,0,1783319704
4bbd13,TKJ3WS  ,Turkey,1783320001,1783320002,29.0779,41.4647,7208.52,False,198.68,313.53,10.08,7475.22,3202,False,0,1783320002
4bc842,PGT27QB ,Turkey,1783319703,1783319703,27.7968,40.0638,7940.04,False,229.6,32.84,-11.05,8290.56,5145,False,0,1783319704
4bc842,PGT27QB ,Turkey,1783320001,1783320001,28.1954,40.5347,4632.96,False,184.07,33.02,-10.08,4838.7,5145,False,0,1783320002
4bc843,PGT387U ,Turkey,1783319897,1783319899,35.8265,41.0627,6583.68,False,198.42,248.56,11.7,6842.76,,False,0,1783320002
4bc844,PGT92NV ,Turkey,1783320001,1783320001,39.9278,40.0143,9342.12,False,212.04,277.11,8.13,9791.7,1054,False,0,1783320002
4bc848,PGT10RR ,Turkey,1783319094,1783319100,39.7811,40.9961,,True,0.9,267.19,,,,False,0,1783319101
4bc848,PGT10RR ,Turkey,1783319399,1783319399,39.7765,40.9977,,True,5.66,292.5,,,,False,0,1783319400
4bc848,PGT10RR ,Turkey,1783319703,1783319703,39.8991,41.0612,2247.9,False,143.96,299.31,12.68,2324.1,5074,False,0,1783319704
4bc848,PGT10RR ,Turkey,1783320001,1783320001,39.2866,41.082,6537.96,False,187.89,272.04,11.38,6819.9,5074,False,0,1783320002
4bc84e,PGT713L ,Turkey,1783318797,1783318797,37.8118,40.0526,10088.88,False,202.26,278.34,4.88,10568.94,5175,False,0,1783318799
4bc84e,PGT713L ,Turkey,1783319099,1783319099,37.0981,40.1315,10972.8,False,206.69,277.87,0.0,11483.34,5175,False,0,1783319101
4bc84e,PGT713L ,Turkey,1783319247,1783319249,36.7433,40.1689,10972.8,False,207.2,277.85,0.0,11475.72,5175,False,0,1783319400
4bc84e,PGT713L ,Turkey,1783319247,1783319514,36.7433,40.1689,10972.8,False,208.6,277.51,0.0,11468.1,5175,False,0,1783319704
4bc84f,PGT2286 ,Turkey,1783318493,1783318495,29.5435,40.7158,3329.94,False,171.82,160.59,6.5,3467.1,,False,0,1783318496
4bc84f,PGT2286 ,Turkey,1783318798,1783318798,29.6301,40.1994,7056.12,False,202.7,233.57,10.4,7338.06,,False,0,1783318799
4bc850,PGT56HA ,Turkey,1783318495,1783318495,27.8471,42.4511,10972.8,False,215.98,300.96,0.0,11330.94,5356,False,0,1783318496
4bc850,PGT56HA ,Turkey,1783318705,1783318799,27.4221,42.7064,10972.8,False,55.95,57.77,-0.33,10012.68,5356,False,0,1783318799
4bc850,PGT56HA ,Turkey,1783319036,1783319100,29.3457,41.9695,10972.8,False,56.07,303.4,0.0,10012.68,5356,False,0,1783319101
4bc850,PGT56HA ,Turkey,1783319156,1783319400,32.5825,42.8835,10972.8,False,56.16,335.08,-0.33,10012.68,5356,False,0,1783319400
4bc850,PGT56HA ,Turkey,1783319156,1783319704,32.5825,42.8835,10972.8,False,56.03,193.27,0.0,10012.68,5356,False,0,1783319704
4bc850,PGT56HA ,Turkey,1783319156,1783320001,32.5825,42.8835,10972.8,False,55.8,247.22,0.0,10012.68,5356,False,0,1783320002
4bc854,PGT48HQ ,Turkey,1783318495,1783318495,29.5555,40.9889,2407.92,False,135.52,64.12,13.98,2522.22,,False,0,1783318496
4bc854,PGT48HQ ,Turkey,1783318798,1783318798,29.1931,41.2885,6111.24,False,204.95,305.09,12.35,6339.84,,False,0,1783318799
4bc854,PGT48HQ ,Turkey,1783319004,1783319101,28.766,41.5132,8740.14,False,221.05,304.76,8.13,8412.48,2372,False,0,1783319101
4bc854,PGT48HQ ,Turkey,1783319399,1783319400,27.8143,41.7811,10805.16,False,214.64,302.47,5.2,11178.54,2372,False,0,1783319400
4bc854,PGT48HQ ,Turkey,1783319704,1783319704,27.1448,42.0845,10980.42,False,212.99,293.04,-0.33,11346.18,2372,False,0,1783319704
4bc855,PGT2732 ,Turkey,1783318797,1783318797,29.5922,40.7572,3185.16,False,154.86,103.25,7.15,3299.46,,False,0,1783318799
4bc855,PGT2732 ,Turkey,1783319099,1783319100,30.2824,40.67,5920.74,False,219.54,111.15,6.83,6164.58,,False,0,1783319101
4bc855,PGT2732 ,Turkey,1783319398,1783319399,31.0721,40.4642,8458.2,False,257.57,106.12,5.2,8808.72,,False,0,1783319400
4bc855,PGT2732 ,Turkey,1783319703,1783319703,31.9625,40.2661,10058.4,False,257.66,106.59,0.0,10477.5,,False,0,1783319704
4bc855,PGT2732 ,Turkey,1783319835,1783319893,32.3445,40.1785,10066.02,False,259.09,106.85,0.0,10500.36,,False,0,1783320002
4bc856,PGT274C ,Turkey,1783318495,1783318495,29.4951,41.2785,5242.56,False,195.51,306.12,13.0,5410.2,,False,0,1783318496
4bc856,PGT274C ,Turkey,1783318798,1783318798,28.8414,41.5684,8404.86,False,221.11,300.32,7.48,8717.28,5317,False,0,1783318799
4bc856,PGT274C ,Turkey,1783319100,1783319100,28.1929,41.9321,10401.3,False,218.02,309.93,4.55,10751.82,1000,False,0,1783319101
4bc856,PGT274C ,Turkey,1783319128,1783319399,28.1349,41.9678,10965.18,False,203.36,302.6,5.2,10873.74,1000,False,0,1783319400
4bc881,PGT87FD ,Turkey,1783318494,1783318494,30.6768,41.0698,10012.68,False,211.77,293.33,-5.53,10408.92,,False,0,1783318496
4bc881,PGT87FD ,Turkey,1783318797,1783318798,29.9817,41.1268,7947.66,False,204.3,243.69,-12.35,8267.7,,False,0,1783318799
4bc881,PGT87FD ,Turkey,1783319099,1783319100,29.5126,40.828,5318.76,False,170.29,180.52,-7.8,5539.74,,False,0,1783319101
4bc881,PGT87FD ,Turkey,1783319399,1783319399,29.397,40.4084,3467.1,False,157.49,245.7,-7.15,3627.12,,False,0,1783319400
4bc881,PGT87FD ,Turkey,1783319703,1783319703,28.9971,40.5173,2293.62,False,117.41,2.51,-1.95,2407.92,,False,0,1783319704
4bc881,PGT87FD ,Turkey,1783320001,1783320001,29.0469,40.7858,1066.8,False,88.9,57.05,-3.9,1150.62,,False,0,1783320002
4bc883,PGT82MC ,Turkey,1783318493,1783318495,29.0226,41.3931,6804.66,False,208.6,303.53,8.45,7063.74,2326,False,0,1783318496
4bc883,PGT82MC ,Turkey,1783318798,1783318798,28.3234,41.672,8968.74,False,229.45,270.51,7.15,9296.4,2326,False,0,1783318799
4bc883,PGT82MC ,Turkey,1783319100,1783319101,27.6017,41.8929,10363.2,False,214.92,301.29,0.0,10721.34,2326,False,0,1783319101
4bc887,PGT46U  ,Turkey,1783318495,1783318495,29.0485,40.7863,1059.18,False,99.08,58.37,-3.58,1143.0,,False,0,1783318496
4bc887,PGT46U  ,Turkey,1783318742,1783318765,29.2653,40.871,266.7,False,67.42,64.22,-2.28,327.66,,False,0,1783318799
4bc88b,PGT229  ,Turkey,1783318494,1783318494,29.1599,40.8321,777.24,False,90.88,64.16,-5.2,899.16,,False,0,1783318496
4bc88b,PGT229  ,Turkey,1783318639,1783318648,29.2753,40.8748,220.98,False,68.1,64.02,-4.88,281.94,,False,0,1783318799
4bc88e,PGT553  ,Turkey,1783320001,1783320001,31.6551,40.8475,10248.9,False,213.45,287.82,-5.2,10698.48,,False,0,1783320002
4bc88f,PGT142G ,Turkey,1783319398,1783319399,29.5082,40.9716,1699.26,False,132.07,64.13,7.48,1798.32,,False,0,1783319400
4bc88f,PGT142G ,Turkey,1783319703,1783319703,29.2746,41.2457,5067.3,False,196.82,305.1,10.08,5265.42,,False,0,1783319704
4bc88f,PGT142G ,Turkey,1783320001,1783320001,28.6643,41.5666,7955.28,False,221.47,304.69,7.8,8267.7,3266,False,0,1783320002
4bc892,PGT41LW ,Turkey,1783318495,1783318495,36.7288,41.0405,10972.8,False,203.68,266.09,0.33,11452.86,5124,False,0,1783318496
4bc892,PGT41LW ,Turkey,1783318798,1783318798,35.9987,41.0002,10972.8,False,203.28,265.65,0.0,11452.86,5124,False,0,1783318799
4bc892,PGT41LW ,Turkey,1783318835,1783318858,35.9108,40.9951,10972.8,False,202.85,265.34,0.0,11452.86,5124,False,0,1783319101
4bc895,PGT296Z ,Turkey,1783319703,1783319703,29.4779,40.83,1859.28,False,150.38,195.27,6.18,1943.1,,False,0,1783319704
4bc895,PGT296Z ,Turkey,1783320001,1783320001,28.8807,40.778,5943.6,False,200.71,274.41,13.0,6149.34,,False,0,1783320002
4bc896,PGT90KU ,Turkey,1783319100,1783319100,29.3636,40.9188,708.66,False,95.51,64.82,8.13,769.62,,False,0,1783319101
4bc896,PGT90KU ,Turkey,1783319399,1783319400,29.4417,41.1652,4434.84,False,185.53,315.45,11.7,4610.1,,False,0,1783319400
4bc896,PGT90KU ,Turkey,1783319704,1783319704,28.9165,41.5604,7802.88,False,218.26,314.81,7.15,8100.06,2362,False,0,1783319704
4bc896,PGT90KU ,Turkey,1783320002,1783320002,28.3661,41.9996,9646.92,False,227.05,331.0,5.2,9997.44,2362,False,0,1783320002
4bc899,PGT711  ,Turkey,1783318230,1783318242,29.2734,40.874,220.98,False,67.42,64.22,-3.58,281.94,,False,0,1783318496
4bc89a,PGT388  ,Turkey,1783318473,1783318493,27.199,44.2562,10363.2,False,217.16,318.27,0.33,10660.38,5220,False,0,1783318496
4bc89a,PGT388  ,Turkey,1783318473,1783318798,27.199,44.2562,10363.2,False,217.16,318.27,0.33,10660.38,5220,False,0,1783318799
4bc89a,PGT388  ,Turkey,1783318473,1783319099,27.199,44.2562,10363.2,False,217.16,318.27,0.33,10660.38,5220,False,0,1783319101
4bc89a,PGT388  ,Turkey,1783318473,1783319391,27.199,44.2562,10363.2,False,217.16,318.27,0.33,10660.38,5220,False,0,1783319400
4bc89a,PGT388  ,Turkey,1783318473,1783319701,27.199,44.2562,10363.2,False,217.16,318.27,0.33,10660.38,5220,False,0,1783319704
4bc89a,PGT388  ,Turkey,1783318473,1783319992,27.199,44.2562,10363.2,False,56.2,336.25,-0.33,9403.08,5220,False,0,1783320002
4bc8ca,PGT27MP ,Turkey,1783318495,1783318495,27.9519,41.8696,11125.2,False,211.55,306.4,8.78,11506.2,3216,False,0,1783318496
4bc8cc,PGT829W ,Turkey,1783318797,1783318798,29.3837,40.0958,4472.94,False,203.68,330.33,-4.88,4678.68,5107,False,0,1783318799
4bc8cc,PGT829W ,Turkey,1783319100,1783319100,29.0989,40.5394,2674.62,False,145.43,344.19,-7.15,2811.78,5107,False,0,1783319101
4bc8cc,PGT829W ,Turkey,1783319397,1783319397,29.1066,40.8238,906.78,False,99.35,59.85,-0.65,990.6,5107,False,0,1783319400
4bc8cc,PGT829W ,Turkey,1783319593,1783319593,29.2723,40.8849,213.36,False,68.57,64.2,-4.55,274.32,5107,False,0,1783319704
4bc8ce,PGT4055 ,Turkey,1783319099,1783319100,29.4225,40.0885,4297.68,False,176.23,333.29,-3.25,4480.56,0767,False,0,1783319101
4bc8ce,PGT4055 ,Turkey,1783319397,1783319399,29.1336,40.4406,3246.12,False,147.94,296.21,-11.38,3383.28,0767,False,0,1783319400
4bc8ce,PGT4055 ,Turkey,1783319702,1783319703,28.9762,40.654,1836.42,False,115.16,14.22,-6.18,1943.1,0767,False,0,1783319704
4bc8ce,PGT4055 ,Turkey,1783320000,1783320001,29.1581,40.8314,792.48,False,80.53,64.25,-4.88,906.78,0767,False,0,1783320002
4bc8cf,PGT66W  ,Turkey,1783318495,1783318495,27.4695,40.0955,6027.42,False,196.54,17.68,4.55,6263.64,,False,0,1783318496
4bc8cf,PGT66W  ,Turkey,1783318798,1783318798,27.8737,40.4755,5097.78,False,186.77,70.87,-4.55,5341.62,0756,False,0,1783318799
4bc8cf,PGT66W  ,Turkey,1783319100,1783319100,28.4753,40.6303,3177.54,False,166.31,70.11,-9.1,3329.94,0756,False,0,1783319101
4bc8cf,PGT66W  ,Turkey,1783319397,1783319399,28.9164,40.7448,1752.6,False,120.55,71.33,-6.18,1859.28,0756,False,0,1783319400
4bc8cf,PGT66W  ,Turkey,1783319703,1783319703,29.2236,40.8669,487.68,False,65.57,63.43,-2.93,594.36,0756,False,0,1783319704
4bc8cf,PGT66W  ,Turkey,1783319769,1783319771,29.2706,40.8843,213.36,False,66.95,64.03,-3.58,274.32,0756,False,0,1783320002
4bc8d0,PGT1133 ,Turkey,1783319399,1783319399,29.4186,40.9385,1173.48,False,121.96,64.52,15.28,1158.24,,False,0,1783319400
4bc8d0,PGT1133 ,Turkey,1783319703,1783319703,29.3969,41.1773,4564.38,False,189.11,296.5,13.66,4671.06,,False,0,1783319704
4bc8d0,PGT1133 ,Turkey,1783320001,1783320001,28.7402,41.4202,7703.82,False,218.35,295.84,9.75,8001.0,3271,False,0,1783320002
4bc8d6,PGT844X ,Turkey,1783318495,1783318495,32.0947,40.0672,10965.18,False,204.62,283.97,0.0,11445.24,5104,False,0,1783318496
4bc8d6,PGT844X ,Turkey,1783318795,1783318797,31.3832,40.2019,9608.82,False,208.24,283.86,-5.2,10012.68,5104,False,0,1783318799
4bc8d6,PGT844X ,Turkey,1783319100,1783319100,30.6748,40.3239,8008.62,False,206.84,278.15,-4.55,8359.14,5104,False,0,1783319101
4bc8d6,PGT844X ,Turkey,1783319400,1783319400,29.9929,40.3328,7620.0,False,167.08,255.19,-0.33,7932.42,5104,False,0,1783319400
4bc8d6,PGT844X ,Turkey,1783319703,1783319703,29.4223,40.3992,5067.3,False,177.62,296.12,-14.63,5295.9,5104,False,0,1783319704
4bc8d6,PGT844X ,Turkey,1783320001,1783320001,28.8786,40.4545,2423.16,False,131.97,281.92,-0.33,2537.46,5104,False,0,1783320002
4bc8d9,PGT65G  ,Turkey,1783318496,1783318496,27.818,42.1713,10363.2,False,217.12,310.48,0.0,10713.72,2667,False,0,1783318496
4bc8d9,PGT65G  ,Turkey,1783318798,1783318799,27.2092,42.5517,10363.2,False,217.36,309.72,0.0,10706.1,2667,False,0,1783318799
4bc8e1,PGT97JW ,Turkey,1783318493,1783318495,30.5155,41.0294,8435.34,False,214.99,279.64,-5.53,8763.0,,False,0,1783318496
4bc8e1,PGT97JW ,Turkey,1783318798,1783318798,29.7716,40.9877,6400.8,False,206.02,258.91,-1.63,6652.26,,False,0,1783318799
4bc8e1,PGT97JW ,Turkey,1783319099,1783319100,29.5132,40.5983,4549.14,False,168.74,179.83,-5.2,4732.02,,False,0,1783319101
4bc8e1,PGT97JW ,Turkey,1783319397,1783319399,29.106,40.5312,2689.86,False,138.84,294.29,-4.23,2811.78,,False,0,1783319400
4bc8e1,PGT97JW ,Turkey,1783319702,1783319703,29.0193,40.7721,1432.56,False,83.97,52.22,-7.48,1524.0,,False,0,1783319704
4bc8e1,PGT97JW ,Turkey,1783319997,1783319997,29.2573,40.8681,304.8,False,68.1,64.02,-2.93,365.76,,False,0,1783320002
4bcda1,SXS4WY  ,Turkey,1783318495,1783318495,27.1485,42.3099,11582.4,False,213.51,306.18,0.0,11955.78,3211,False,0,1783318496
4bcda6,SXS8UH  ,Turkey,1783318495,1783318495,29.266,40.6427,12192.0,False,225.33,327.4,0.0,12664.44,5341,False,0,1783318496
4bcda6,SXS8UH  ,Turkey,1783318798,1783318798,28.8292,41.1574,12192.0,False,224.31,327.08,0.0,12641.58,5341,False,0,1783318799
4bcda6,SXS8UH  ,Turkey,1783318956,1783319100,28.5982,41.4259,12192.0,False,226.3,326.78,0.0,12626.34,5341,False,0,1783319101
4bcda6,SXS8UH  ,Turkey,1783318956,1783319399,28.5982,41.4259,12192.0,False,226.3,326.78,0.0,12626.34,5341,False,0,1783319400
4bcda6,SXS8UH  ,Turkey,1783318956,1783319702,28.5982,41.4259,12192.0,False,226.3,326.78,0.0,12626.34,5341,False,0,1783319704
4bcda6,SXS8UH  ,Turkey,1783318956,1783320000,28.5982,41.4259,12192.0,False,226.3,326.78,0.0,12626.34,5341,False,0,1783320002
4bcdab,SXS5CX  ,Turkey,1783318799,1783318799,29.3303,40.4309,12192.0,False,228.03,334.48,0.0,12679.68,3231,False,0,1783318799
4bcdab,SXS5CX  ,Turkey,1783319101,1783319101,28.9611,40.9761,12192.0,False,218.68,319.87,0.33,12649.2,3231,False,0,1783319101
4bcdab,SXS5CX  ,Turkey,1783319399,1783319400,28.4584,41.4267,12192.0,False,221.92,319.7,0.0,12633.96,3231,False,0,1783319400
4bcdab,SXS5CX  ,Turkey,1783319544,1783319704,29.3345,41.9663,12192.0,False,56.0,10.59,0.0,11231.88,3231,False,0,1783319704
4bcdab,SXS5CX  ,Turkey,1783319544,1783320002,29.3345,41.9663,12192.0,False,56.0,10.59,0.0,11231.88,3231,False,0,1783320002
4bce46,SXS5LJ  ,Turkey,1783319704,1783319704,29.4883,40.5171,9144.0,False,231.26,329.67,0.0,9486.9,3227,False,0,1783319704
4bce46,SXS5LJ  ,Turkey,1783320001,1783320001,29.0812,41.0462,10363.2,False,227.55,329.72,0.0,10728.96,3227,False,0,1783320002
4bce49,SXS3PU  ,Turkey,1783319100,1783319100,29.9354,40.5839,10363.2,False,229.17,339.78,0.33,10751.82,6322,False,0,1783319101
4bce49,SXS3PU  ,Turkey,1783319369,1783319394,29.6796,41.1048,10363.2,False,230.01,339.58,0.0,10728.96,6322,False,0,1783319400
4bce49,SXS3PU  ,Turkey,1783319449,1783319700,29.6026,41.2602,10363.2,False,230.55,339.22,0.0,10721.34,6322,False,0,1783319704
4bce49,SXS3PU  ,Turkey,1783319449,1783320001,29.6026,41.2602,10363.2,False,230.55,339.22,0.0,10721.34,6322,False,0,1783320002
4bd183,TWI413  ,Turkey,1783318485,1783318495,29.4301,41.6337,9753.6,False,215.61,338.15,0.0,10043.16,6331,False,0,1783318496
4bd183,TWI413  ,Turkey,1783318485,1783318798,29.4301,41.6337,9753.6,False,215.61,338.15,0.0,10043.16,6331,False,0,1783318799
4bd183,TWI413  ,Turkey,1783318485,1783319099,29.4301,41.6337,9753.6,False,215.61,338.15,0.0,10043.16,6331,False,0,1783319101
4bd183,TWI413  ,Turkey,1783318485,1783319397,29.4301,41.6337,9753.6,False,215.61,338.15,0.0,10043.16,6331,False,0,1783319400
4bd183,TWI413  ,Turkey,1783318485,1783319703,29.4301,41.6337,9753.6,False,55.91,296.8,0.0,8793.48,6331,False,0,1783319704
4bd183,TWI413  ,Turkey,1783318485,1783319999,29.4301,41.6337,9753.6,False,55.91,296.8,0.0,8793.48,6331,False,0,1783320002
4bd184,TWI669  ,Turkey,1783318473,1783318493,27.4251,43.5696,9761.22,False,208.02,319.61,0.0,10012.68,6344,False,0,1783318496
4bd184,TWI669  ,Turkey,1783318473,1783318798,27.4251,43.5696,9753.6,False,208.02,319.61,0.0,10012.68,6344,False,0,1783318799
4bd184,TWI669  ,Turkey,1783318473,1783319099,27.4251,43.5696,9753.6,False,208.02,319.61,0.0,10012.68,6344,False,0,1783319101
4bd184,TWI669  ,Turkey,1783318473,1783319396,27.4251,43.5696,9753.6,False,208.02,319.61,0.0,10012.68,6344,False,0,1783319400
4bd184,TWI669  ,Turkey,1783318473,1783319701,27.4251,43.5696,9753.6,False,54.57,45.0,-0.65,8793.48,6344,False,0,1783319704
4bd184,TWI669  ,Turkey,1783318473,1783320001,27.4251,43.5696,9753.6,False,54.57,45.0,-0.65,8793.48,6344,False,0,1783320002
4bd6a6,TCUUF   ,Turkey,1783318495,1783318495,28.528,41.0065,449.58,False,48.18,6.75,0.33,525.78,,False,0,1783318496
4bd6a6,TCUUF   ,Turkey,1783318798,1783318798,28.5451,41.0104,419.1,False,46.66,124.22,0.0,495.3,,False,0,1783318799
4bd6a6,TCUUF   ,Turkey,1783319101,1783319101,28.539,40.983,457.2,False,43.78,340.07,0.33,533.4,,False,0,1783319101
4bd6a6,TCUUF   ,Turkey,1783319392,1783319392,28.3941,41.037,457.2,False,50.16,291.04,1.63,533.4,,False,0,1783319400
4bd6a6,TCUUF   ,Turkey,1783319693,1783319695,28.4814,41.0312,426.72,False,48.45,131.99,0.33,502.92,,False,0,1783319704
4bd6a6,TCUUF   ,Turkey,1783320002,1783320002,28.5272,41.0023,457.2,False,46.92,15.26,0.0,533.4,,False,0,1783320002
4bd8c6,TKJ3YK  ,Turkey,1783318293,1783318489,29.0795,40.8016,914.4,False,93.75,57.09,-4.23,1005.84,5153,False,0,1783318496
4bd8c6,TKJ3YK  ,Turkey,1783318293,1783318489,29.0795,40.8016,914.4,False,93.75,57.09,-4.23,1005.84,5153,False,0,1783318799
4bd8ca,TKJ6ET  ,Turkey,1783320002,1783320002,39.6263,40.0795,10248.9,False,206.56,276.43,4.88,10744.2,0746,False,0,1783320002
4bd91a,HMZ6418 ,Turkey,1783318797,1783318798,36.3992,41.2212,10927.08,False,273.47,77.51,5.2,11369.04,5125,False,0,1783318799
4bd91a,HMZ6418 ,Turkey,1783319100,1783319100,37.3607,41.2005,11277.6,False,269.12,81.98,0.0,11750.04,5125,False,0,1783319101
4bd91a,HMZ6418 ,Turkey,1783319398,1783319399,38.3063,41.2946,11277.6,False,269.66,82.77,0.0,11757.66,5125,False,0,1783319400
4bd91a,HMZ6418 ,Turkey,1783319703,1783319703,39.2824,41.3829,11277.6,False,270.31,83.44,0.0,11757.66,5125,False,0,1783319704
4bd91a,HMZ6418 ,Turkey,1783320001,1783320001,40.2413,41.4615,11285.22,False,274.12,84.08,0.0,11780.52,5125,False,0,1783320002
4bf26b,THS00032,Turkey,1783319673,1783319673,32.5789,40.067,3048.0,False,48.37,60.71,0.33,3185.16,4312,False,0,1783319704
4bf26b,THS00032,Turkey,1783319955,1783319955,32.5783,40.0661,3048.0,False,47.43,86.27,0.33,3185.16,4312,False,0,1783320002
4cac0a,KZR925  ,Ireland,1783318495,1783318496,39.6707,40.4846,10370.82,False,205.83,252.7,-0.33,10858.5,3414,False,0,1783318496
4cac0a,KZR925  ,Ireland,1783318798,1783318798,38.9769,40.3184,10355.58,False,201.75,252.49,0.0,10835.64,3414,False,0,1783318799
4cac0a,KZR925  ,Ireland,1783319100,1783319101,38.2902,40.1492,10370.82,False,206.77,251.88,0.0,10850.88,3414,False,0,1783319101
4cadd3,AYN7951 ,Ireland,1783318495,1783318495,40.0844,40.5838,10355.58,False,207.65,253.0,0.0,10858.5,0603,False,0,1783318496
4cadd3,AYN7951 ,Ireland,1783318798,1783318798,39.3817,40.418,10355.58,False,204.21,252.71,0.0,10858.5,0603,False,0,1783318799
4cadd3,AYN7951 ,Ireland,1783319100,1783319100,38.7007,40.2402,10370.82,False,205.73,229.26,0.33,10866.12,0603,False,0,1783319101
4caf1b,AYN7817 ,Ireland,1783319101,1783319101,41.3296,41.0438,10363.2,False,217.03,251.05,-0.33,10843.26,3471,False,0,1783319101
4caf1b,AYN7817 ,Ireland,1783319399,1783319399,40.6078,40.8542,10370.82,False,213.31,250.56,0.0,10843.26,3471,False,0,1783319400
4caf1b,AYN7817 ,Ireland,1783319704,1783319704,39.8905,40.6604,10370.82,False,212.51,250.34,0.33,10850.88,3471,False,0,1783319704
4caf1b,AYN7817 ,Ireland,1783320002,1783320002,39.1993,40.4683,10370.82,False,209.48,249.74,0.0,10850.88,3471,False,0,1783320002
4d0105,CLX92   ,Luxembourg,1783318496,1783318496,41.855,40.9297,9753.6,False,239.08,273.21,0.33,10203.18,3222,False,0,1783318496
4d0105,CLX92   ,Luxembourg,1783318799,1783318799,40.998,40.9628,9753.6,False,237.94,272.73,0.0,10195.56,3222,False,0,1783318799
4d0105,CLX92   ,Luxembourg,1783319100,1783319100,40.1579,40.9872,9753.6,False,232.18,272.16,0.0,10187.94,3222,False,0,1783319101
4d0105,CLX92   ,Luxembourg,1783319399,1783319400,39.3357,41.0399,9753.6,False,233.61,276.7,0.0,10180.32,3222,False,0,1783319400
4d0105,CLX92   ,Luxembourg,1783319703,1783319704,38.4983,41.1152,9753.6,False,233.49,276.45,0.0,10165.08,3222,False,0,1783319704
4d0105,CLX92   ,Luxembourg,1783320002,1783320002,37.6746,41.183,9753.6,False,233.55,276.58,-0.33,10157.46,3222,False,0,1783320002
4d200f,WZZ1004 ,Malta,1783318798,1783318798,27.2969,41.1348,10675.62,False,259.29,89.55,0.0,11064.24,3702,False,0,1783318799
4d200f,WZZ1004 ,Malta,1783319100,1783319100,28.2286,41.1366,10668.0,False,260.31,90.23,0.0,11056.62,3702,False,0,1783319101
4d200f,WZZ1004 ,Malta,1783319399,1783319399,29.1591,41.1219,10668.0,False,261.19,97.81,0.0,11064.24,3702,False,0,1783319400
4d200f,WZZ1004 ,Malta,1783319703,1783319703,30.0757,40.9698,10675.62,False,259.2,102.96,0.0,11079.48,3702,False,0,1783319704
4d200f,WZZ1004 ,Malta,1783320001,1783320001,30.9593,40.7953,10668.0,False,257.73,107.42,0.0,11079.48,3702,False,0,1783320002
4d208f,WMT3574 ,Malta,1783318274,1783318277,32.748,40.4884,10660.38,False,260.0,101.07,0.0,11102.34,3727,False,0,1783318496
4d208f,,Malta,1783319701,1783319703,37.0699,40.1121,10675.62,False,261.36,89.21,0.0,11170.92,3727,False,0,1783319704
4d208f,WMT3574 ,Malta,1783320001,1783320001,37.9877,40.1199,10675.62,False,262.37,89.66,0.0,11178.54,3727,False,0,1783320002
4d20bc,WMT6002 ,Malta,1783319359,1783319399,27.4481,42.8971,10675.62,False,256.52,92.87,0.33,10995.66,0204,False,0,1783319400
4d20bc,WMT6002 ,Malta,1783319359,1783319702,27.4481,42.8971,10660.38,False,256.52,92.87,0.33,10995.66,0204,False,0,1783319704
4d20bc,WMT6002 ,Malta,1783319359,1783320001,27.4481,42.8971,10668.0,False,256.52,92.87,0.33,10995.66,0204,False,0,1783320002
4d20bd,WZZ891  ,Malta,1783318231,1783318344,31.7675,40.7609,7429.5,False,189.77,123.39,-6.5,7688.58,4241,False,0,1783318496
4d2100,WMT615  ,Malta,1783318476,1783318495,28.5904,42.6188,10972.8,False,215.15,317.23,0.0,11308.08,6320,False,0,1783318496
4d2100,WMT615  ,Malta,1783318476,1783318796,28.5904,42.6188,10751.82,False,215.15,317.23,0.0,11308.08,6320,False,0,1783318799
4d2100,WMT615  ,Malta,1783318476,1783319098,28.5904,42.6188,9471.66,False,215.15,317.23,0.0,11308.08,6320,False,0,1783319101
4d2100,WMT615  ,Malta,1783318476,1783319399,28.5904,42.6188,6865.62,False,215.15,317.23,0.0,11308.08,6320,False,0,1783319400
4d2100,WMT615  ,Malta,1783318476,1783319698,28.5904,42.6188,4838.7,False,40.07,285.64,-6.5,4693.92,6320,False,0,1783319704
4d2371,VJT779  ,Malta,1783320001,1783320001,28.7845,41.3306,1226.82,False,98.55,31.12,15.28,1310.64,,False,0,1783320002
4d23c4,GTR1986 ,Malta,1783318496,1783318496,37.2776,41.2444,10972.8,False,211.52,285.08,0.0,11414.76,2075,False,0,1783318496
4d23c4,GTR1986 ,Malta,1783318798,1783318799,36.5408,41.3894,10972.8,False,209.74,284.34,0.0,11399.52,2075,False,0,1783318799
4d23c4,GTR1986 ,Malta,1783319100,1783319100,35.813,41.5272,10972.8,False,207.74,283.9,0.0,11376.66,2075,False,0,1783319101
4d23c4,GTR1986 ,Malta,1783319284,1783319284,35.3754,41.6076,10972.8,False,204.26,283.55,0.0,11376.66,2075,False,0,1783319400
4d24d6,WZZ97AM ,Malta,1783318495,1783318495,27.4532,40.8997,10058.4,False,236.69,156.83,0.0,10431.78,5440,False,0,1783318496
4d24d6,WZZ97AM ,Malta,1783318798,1783318798,27.7685,40.3024,10050.78,False,235.48,158.2,-0.33,10447.02,5440,False,0,1783318799
4d2501,RYR43YR ,Malta,1783318494,1783318495,29.5281,41.4486,10972.8,False,226.69,338.15,-0.33,11361.42,5450,False,0,1783318496
4d2501,RYR43YR ,Malta,1783318658,1783318797,29.3638,41.7586,10972.8,False,228.13,338.29,0.0,11330.94,5450,False,0,1783318799
4d2501,RYR43YR ,Malta,1783318658,1783319099,29.3638,41.7586,10972.8,False,228.13,338.29,0.0,11330.94,5450,False,0,1783319101
4d2501,RYR43YR ,Malta,1783318658,1783319399,29.3638,41.7586,10972.8,False,228.13,338.29,0.0,11330.94,5450,False,0,1783319400
4d2501,RYR43YR ,Malta,1783318658,1783319703,29.3638,41.7586,10972.8,False,228.13,338.29,0.0,11330.94,5450,False,0,1783319704
4d2501,RYR43YR ,Malta,1783318658,1783320000,29.3638,41.7586,10972.8,False,56.38,334.6,-0.33,10012.68,5450,False,0,1783320002
4d2536,WZZ67JK ,Malta,1783318460,1783318495,27.7215,44.4694,10447.02,False,249.56,125.69,-2.6,10934.7,1000,False,0,1783318496
4d2536,WZZ67JK ,Malta,1783318460,1783318799,27.7215,44.4694,7825.74,False,249.56,125.69,-2.6,10934.7,1000,False,0,1783318799
4d2536,WZZ67JK ,Malta,1783318460,1783319097,27.7215,44.4694,5486.4,False,249.56,125.69,-2.6,10934.7,1000,False,0,1783319101
4d2536,WZZ67JK ,Malta,1783318460,1783319398,27.7215,44.4694,3573.78,False,249.56,125.69,-2.6,10934.7,1000,False,0,1783319400
4d2536,WZZ67JK ,Malta,1783319682,1783319687,27.8618,42.8408,1584.96,False,139.8,218.73,-5.2,1691.64,1000,False,0,1783319704
4d2536,WZZ67JK ,Malta,1783319682,1783319687,27.8618,42.8408,1584.96,False,139.8,218.73,-5.2,1691.64,1000,False,0,1783320002
5001db,MEA201  ,San Marino,1783319099,1783319101,29.5877,40.2128,10370.82,False,225.61,325.4,-0.33,10797.54,5644,False,0,1783319101
5001db,MEA201  ,San Marino,1783319399,1783319399,29.1405,40.7043,10355.58,False,221.05,325.24,0.0,10759.44,5644,False,0,1783319400
5001db,MEA201  ,San Marino,1783319704,1783319704,28.6801,41.2013,10370.82,False,222.65,324.88,0.33,10759.44,5644,False,0,1783319704
5001db,MEA201  ,San Marino,1783320002,1783320002,28.1877,41.6591,10363.2,False,220.08,315.28,0.0,10736.58,5644,False,0,1783320002
503d74,AHY8041 ,Lithuania,1783319703,1783319703,41.3409,41.5134,10363.2,False,211.09,246.75,0.0,10828.02,1321,False,0,1783319704
503d74,AHY8041 ,Lithuania,1783320001,1783320001,40.6567,41.2877,10370.82,False,209.35,246.08,0.0,10835.64,1321,False,0,1783320002
503fc5,ELY5114 ,Lithuania,1783318496,1783318496,40.408,41.4345,7856.22,False,198.7,226.68,10.08,8191.5,6774,False,0,1783318496
503fc5,ELY5114 ,Lithuania,1783318799,1783318799,39.8729,41.0511,10149.84,False,203.4,226.33,4.88,10599.42,6774,False,0,1783318799
503fc5,ELY5114 ,Lithuania,1783319100,1783319101,39.2493,40.7792,10363.2,False,199.97,242.25,0.0,10835.64,6774,False,0,1783319101
503fc5,ELY5114 ,Lithuania,1783319399,1783319400,38.6609,40.4976,10363.2,False,199.35,224.58,0.0,10835.64,6774,False,0,1783319400
503fc5,ELY5114 ,Lithuania,1783319703,1783319703,38.165,40.1095,10363.2,False,196.09,224.26,0.0,10843.26,6774,False,0,1783319704
504e8e,FIE191  ,Republic of Moldova,1783316737,1783318494,32.5727,45.1711,10965.18,False,1.03,270.0,0.0,,5332,False,0,1783318496
504e8e,FIE191  ,Republic of Moldova,1783316737,1783318793,32.5727,45.1711,10965.18,False,1.03,270.0,0.0,,5332,False,0,1783318799
504e8e,FIE191  ,Republic of Moldova,1783316737,1783319094,32.5727,45.1711,10965.18,False,1.03,270.0,0.0,,5332,False,0,1783319101
504e8e,FIE191  ,Republic of Moldova,1783316737,1783319394,32.5727,45.1711,10965.18,False,1.03,270.0,0.0,,5332,False,0,1783319400
51012d,BRU8192 ,Belarus,1783316389,1783318495,38.2961,40.3868,10668.0,False,271.74,62.61,0.0,11140.44,0770,False,0,1783318496
51012d,BRU8192 ,Belarus,1783316389,1783318796,38.2961,40.3868,10668.0,False,271.74,62.61,0.0,11140.44,0770,False,0,1783318799
51012d,BRU8192 ,Belarus,1783316389,1783319100,38.2961,40.3868,10668.0,False,271.74,62.61,0.0,11140.44,0770,False,0,1783319101
514005,        ,Georgia,1783318495,1783318495,40.2867,41.5792,,True,0.0,0.0,,,7772,False,0,1783318496
514005,        ,Georgia,1783318798,1783318798,40.2867,41.5792,,True,0.0,0.0,,,7772,False,0,1783318799
514005,        ,Georgia,1783319099,1783319101,40.2867,41.5792,,True,0.0,0.0,,,7772,False,0,1783319101
514005,        ,Georgia,1783319399,1783319399,40.2867,41.5792,,True,0.0,0.0,,,7772,False,0,1783319400
514005,        ,Georgia,1783319702,1783319704,40.2867,41.5792,,True,0.0,0.0,,,7772,False,0,1783319704
514005,        ,Georgia,1783320001,1783320001,40.2867,41.5792,,True,0.0,0.0,,,7772,False,0,1783320002
5140d9,CMS582  ,Georgia,1783316379,1783318490,33.6578,44.5186,10355.58,False,31.9,359.08,0.0,11315.7,2305,False,0,1783318496
5140d9,CMS582  ,Georgia,1783316379,1783318795,33.6578,44.5186,10355.58,False,31.9,359.08,0.0,11315.7,2305,False,0,1783318799
5140d9,CMS582  ,Georgia,1783316379,1783319100,33.6578,44.5186,10355.58,False,31.9,359.08,0.0,11315.7,2305,False,0,1783319101
5140d9,CMS582  ,Georgia,1783316379,1783319397,33.6578,44.5186,10355.58,False,31.9,359.08,0.0,11315.7,2305,False,0,1783319400
5140d9,CMS582  ,Georgia,1783316379,1783319697,33.6578,44.5186,10355.58,False,31.9,359.08,0.0,11315.7,2305,False,0,1783319704
5140d9,CMS582  ,Georgia,1783316379,1783320000,33.6578,44.5186,10347.96,False,31.9,359.08,0.0,11315.7,2305,False,0,1783320002
516097,MNE402  ,Montenegro,1783318798,1783318798,27.0488,41.5411,6751.32,False,208.37,118.78,-5.2,7002.78,3404,False,0,1783318799
516097,MNE402  ,Montenegro,1783319099,1783319100,27.6721,41.2808,4259.58,False,183.58,119.37,-8.13,4434.84,3404,False,0,1783319101
516097,MNE402  ,Montenegro,1783319399,1783319399,28.1974,41.0571,2019.3,False,151.61,119.7,-6.83,2133.6,3404,False,0,1783319400
516097,MNE402  ,Montenegro,1783319701,1783319703,28.6366,40.9848,899.16,False,114.12,73.77,0.98,990.6,3404,False,0,1783319704
516097,MNE402  ,Montenegro,1783320000,1783320001,28.7085,41.2104,396.24,False,73.06,359.19,-3.58,464.82,3404,False,0,1783320002
600804,AHY8103 ,Azerbaijan,1783318390,1783318391,29.2744,40.8744,220.98,False,69.48,63.62,-3.9,281.94,,False,0,1783318496
60084e,AHY075  ,Azerbaijan,1783318472,1783318473,36.7923,42.1445,10370.82,False,309.85,300.87,0.0,10843.26,1310,False,0,1783318496
60084e,AHY075  ,Azerbaijan,1783318783,1783318783,36.1847,41.9618,10363.2,False,206.44,274.57,-0.33,10835.64,1310,False,0,1783318799
600854,AHY109  ,Azerbaijan,1783319399,1783319399,41.458,41.8978,10355.58,False,210.48,261.85,0.0,10797.54,1307,False,0,1783319400
600854,AHY109  ,Azerbaijan,1783319703,1783319703,40.6952,41.8141,10363.2,False,209.61,261.53,0.0,10797.54,1307,False,0,1783319704
600854,AHY109  ,Azerbaijan,1783320001,1783320001,39.9531,41.7278,10363.2,False,211.52,260.9,0.0,10789.92,2367,False,0,1783320002
71157c,FAD816  ,Saudi Arabia,1783318495,1783318495,39.8251,40.3497,8564.88,False,214.66,209.27,5.85,8976.36,5072,False,0,1783318496
717c9e,KNE631  ,Saudi Arabia,1783318495,1783318495,39.2993,40.9996,3017.52,False,156.96,338.06,-13.33,3169.92,5270,False,0,1783318496
717c9e,KNE631  ,Saudi Arabia,1783318798,1783318798,39.5491,41.0693,1226.82,False,97.44,111.69,-5.53,1287.78,5270,False,0,1783318799
717c9e,KNE631  ,Saudi Arabia,1783319100,1783319100,39.8018,40.9913,,True,10.8,115.31,,,5270,False,0,1783319101
717c9e,KNE631  ,Saudi Arabia,1783319396,1783319396,39.7828,40.995,,True,0.64,202.5,,,5270,False,0,1783319400
717c9e,KNE631  ,Saudi Arabia,1783319404,1783319404,39.7827,40.995,,True,0.39,202.5,,,5270,False,0,1783319704
717cc8,KNE903  ,Saudi Arabia,1783318495,1783318495,39.8022,40.9911,,True,11.32,126.56,,,5266,False,0,1783318496
717cc8,KNE903  ,Saudi Arabia,1783318795,1783318795,39.7825,40.9957,,True,3.09,236.25,,,5266,False,0,1783318799
717cc8,KNE903  ,Saudi Arabia,1783318865,1783318870,39.7822,40.9951,,True,0.0,202.5,,,5266,False,0,1783319101
72867a,IAW215  ,Iraq,1783319594,1783319697,32.2889,40.4512,10980.42,False,209.96,290.21,-0.33,11414.76,,False,0,1783319704
72867a,IAW215  ,Iraq,1783320001,1783320001,31.3379,40.7043,9204.96,False,204.34,287.89,-5.53,9570.72,,False,0,1783320002
738062,ELY5119 ,Israel,1783318475,1783318493,27.4784,43.745,10972.8,False,217.89,321.61,0.0,11262.36,2202,False,0,1783318496
738062,ELY5119 ,Israel,1783318475,1783318799,27.4784,43.745,10972.8,False,217.89,321.61,0.0,11262.36,2202,False,0,1783318799
738062,ELY5119 ,Israel,1783318475,1783319100,27.4784,43.745,10972.8,False,217.89,321.61,0.0,11262.36,2202,False,0,1783319101
738062,ELY5119 ,Israel,1783318475,1783319399,27.4784,43.745,10972.8,False,217.89,321.61,0.0,11262.36,2202,False,0,1783319400
738062,ELY5119 ,Israel,1783318475,1783319704,27.4784,43.745,10972.8,False,217.89,321.61,0.0,11262.36,2202,False,0,1783319704
738062,ELY5119 ,Israel,1783318475,1783319998,27.4784,43.745,10972.8,False,217.89,321.61,0.0,11262.36,2202,False,0,1783320002
738447,AIZ413  ,Israel,1783318493,1783318493,41.6095,41.6063,,True,2.57,11.25,,,5402,False,0,1783318496
738447,AIZ413  ,Israel,1783318493,1783318493,41.6095,41.6063,,True,2.57,11.25,,,5402,False,0,1783318799
748051,MEA211  ,Lebanon,1783318798,1783318798,29.3826,40.4411,11597.64,False,236.9,325.17,0.0,12062.46,5637,False,0,1783318799
748051,MEA211  ,Lebanon,1783319100,1783319100,28.8995,40.9664,11590.02,False,237.49,324.97,0.0,12024.36,5637,False,0,1783319101
748051,MEA211  ,Lebanon,1783319399,1783319399,28.4128,41.484,11590.02,False,234.6,321.32,0.0,11993.88,5637,False,0,1783319400
748051,MEA211  ,Lebanon,1783319436,1783319703,28.3436,41.5402,11590.02,False,230.27,314.73,0.0,11993.88,5637,False,0,1783319704
748051,MEA211  ,Lebanon,1783319909,1783320000,27.3775,42.1862,11590.02,False,227.39,306.35,-0.33,11963.4,5637,False,0,1783320002
77cf32,SYR444  ,Syrian Arab Republic,1783318495,1783318495,30.6942,40.5022,8221.98,False,231.59,106.78,0.0,8542.02,0743,False,0,1783318496
77cf32,SYR444  ,Syrian Arab Republic,1783318798,1783318798,31.4998,40.3356,8221.98,False,235.7,102.09,0.0,8549.64,0743,False,0,1783318799
77cf32,SYR444  ,Syrian Arab Republic,1783318950,1783318951,31.9119,40.2674,8221.98,False,236.07,103.61,0.0,8549.64,0743,False,0,1783319101
88511a,THA936  ,Thailand,1783319100,1783319100,41.377,41.2808,13106.4,False,211.54,282.79,0.0,13693.14,3203,False,0,1783319101
88511a,THA936  ,Thailand,1783319399,1783319399,40.6474,41.4029,13106.4,False,208.47,282.25,0.0,13670.28,3203,False,0,1783319400
88511a,THA936  ,Thailand,1783319703,1783319703,39.9071,41.5214,13106.4,False,207.03,281.76,0.0,13655.04,3203,False,0,1783319704
88511a,THA936  ,Thailand,1783320001,1783320001,39.1825,41.6323,13106.4,False,209.35,281.34,0.0,13639.8,3203,False,0,1783320002
8964cf,FDB1716 ,United Arab Emirates,1783318474,1783318496,28.2706,43.324,10668.0,False,250.0,133.42,0.33,10965.18,2262,False,0,1783318496
8964cf,FDB1716 ,United Arab Emirates,1783318474,1783318796,28.2706,43.324,10668.0,False,250.0,133.42,0.33,10965.18,2262,False,0,1783318799
8964cf,FDB1716 ,United Arab Emirates,1783318474,1783319096,28.2706,43.324,10668.0,False,250.0,133.42,0.33,10965.18,2262,False,0,1783319101
8964cf,FDB1716 ,United Arab Emirates,1783318474,1783319399,28.2706,43.324,10668.0,False,250.0,133.42,0.33,10965.18,2262,False,0,1783319400
8964cf,FDB1716 ,United Arab Emirates,1783318474,1783319699,28.2706,43.324,10668.0,False,250.0,133.42,0.33,10965.18,2262,False,0,1783319704
8964cf,FDB1716 ,United Arab Emirates,1783318474,1783319998,28.2706,43.324,10668.0,False,250.0,133.42,0.33,10965.18,2262,False,0,1783320002
a232da,SERCE31 ,United States,1783318495,1783318495,29.3919,40.688,266.7,False,49.28,13.89,0.0,297.18,,False,0,1783318496
a232da,SERCE31 ,United States,1783318797,1783318797,29.3671,40.6838,15.24,False,43.36,85.24,-5.2,68.58,,False,0,1783318799
a232da,SERCE31 ,United States,1783319100,1783319100,29.2942,40.6765,472.44,False,56.73,120.52,2.28,541.02,,False,0,1783319101
a232da,SERCE31 ,United States,1783319399,1783319399,29.3535,40.6857,167.64,False,42.18,150.0,-2.6,228.6,,False,0,1783319400
a232da,SERCE31 ,United States,1783319613,1783319617,29.3629,40.6836,53.34,False,45.41,85.45,-5.53,99.06,,False,0,1783319704
a25049,SERCE49 ,United States,1783318495,1783318495,29.3998,40.6852,114.3,False,48.94,86.99,1.3,175.26,,False,0,1783318496
a25049,SERCE49 ,United States,1783318798,1783318798,29.3688,40.7084,381.0,False,55.45,263.07,5.53,449.58,,False,0,1783318799
a25049,SERCE49 ,United States,1783319100,1783319100,29.3895,40.685,60.96,False,48.94,86.99,3.58,121.92,,False,0,1783319101
a25049,SERCE49 ,United States,1783319399,1783319399,29.4098,40.6928,220.98,False,54.21,316.15,1.63,281.94,,False,0,1783319400
a25049,SERCE49 ,United States,1783319702,1783319702,29.356,40.6847,121.92,False,42.92,135.0,-4.55,167.64,,False,0,1783319704
a25049,SERCE49 ,United States,1783320001,1783320001,29.3993,40.691,220.98,False,50.0,323.37,2.93,281.94,,False,0,1783320002
a25050,SERCE50 ,United States,1783318494,1783318495,29.3746,40.692,228.6,False,52.56,266.63,0.65,281.94,,False,0,1783318496
a25050,SERCE50 ,United States,1783318797,1783318797,29.384,40.6849,45.72,False,40.76,85.66,4.55,99.06,,False,0,1783318799
a25050,SERCE50 ,United States,1783319099,1783319100,29.3578,40.7013,426.72,False,58.64,262.44,1.3,495.3,,False,0,1783319101
a25050,SERCE50 ,United States,1783319399,1783319399,29.3708,40.6926,213.36,False,54.21,265.1,1.63,274.32,,False,0,1783319400
a25050,SERCE50 ,United States,1783319703,1783319703,29.3138,40.7036,449.58,False,64.6,264.52,0.33,518.16,,False,0,1783319704
a25050,SERCE50 ,United States,1783319962,1783319965,29.3554,40.6852,137.16,False,43.24,124.82,-6.83,182.88,,False,0,1783320002
abbe23,FDX6083 ,United States,1783318495,1783318495,29.3656,41.1493,3307.08,False,152.4,228.83,-11.7,3459.48,,False,0,1783318496
abbe23,FDX6083 ,United States,1783318797,1783318799,29.0205,40.8772,1760.22,False,134.93,229.02,-6.18,1866.9,,False,0,1783318799
abbe23,FDX6083 ,United States,1783319097,1783319100,28.7128,40.9867,899.16,False,104.43,359.72,-0.33,975.36,,False,0,1783319101
abbe23,FDX6083 ,United States,1783319369,1783319369,28.7083,41.2191,358.14,False,78.72,359.25,-3.58,441.96,,False,0,1783319400
